condition	symptom_id	onset	duration	duration_text	severity	progression	polarity
abdominal-aortic-aneurysm	641	unspecified	unspecified		unspecified	unspecified	present
abdominal-aortic-aneurysm	655	unspecified	unspecified		unspecified	unspecified	present
abdominal-aortic-aneurysm	728	unspecified	unspecified		unspecified	unspecified	present
acanthosis-nigricans	198	unspecified	unspecified		unspecified	unspecified	present
acanthosis-nigricans	462	unspecified	unspecified		unspecified	unspecified	present
acanthosis-nigricans	836	unspecified	unspecified		unspecified	unspecified	present
achalasia	133	unspecified	unspecified		unspecified	unspecified	present
achalasia	137	unspecified	unspecified		unspecified	unspecified	present
achalasia	173	unspecified	unspecified		unspecified	unspecified	present
achalasia	241	unspecified	unspecified		unspecified	unspecified	present
achalasia	264	unspecified	unspecified		unspecified	unspecified	present
achalasia	621	unspecified	unspecified		unspecified	unspecified	present
achalasia	773	unspecified	unspecified		unspecified	unspecified	present
achalasia	924	unspecified	unspecified		unspecified	unspecified	present
achalasia	1071	unspecified	unspecified		unspecified	unspecified	present
acne	16	unspecified	unspecified		unspecified	unspecified	present
acne	17	unspecified	unspecified		unspecified	unspecified	present
acoustic-neuroma	84	unspecified	unspecified		unspecified	unspecified	present
acoustic-neuroma	89	unspecified	unspecified		unspecified	unspecified	present
acoustic-neuroma	148	unspecified	unspecified		unspecified	unspecified	present
acoustic-neuroma	241	unspecified	unspecified		unspecified	unspecified	present
acoustic-neuroma	260	unspecified	unspecified		unspecified	unspecified	present
acoustic-neuroma	261	unspecified	unspecified		unspecified	unspecified	present
acoustic-neuroma	312	unspecified	unspecified		unspecified	unspecified	present
acoustic-neuroma	399	unspecified	unspecified		unspecified	unspecified	present
acoustic-neuroma	404	unspecified	unspecified		unspecified	unspecified	present
acoustic-neuroma	997	unspecified	unspecified		unspecified	unspecified	present
acromegaly	204	unspecified	unspecified		unspecified	unspecified	present
acromegaly	294	unspecified	unspecified		unspecified	unspecified	present
acromegaly	438	unspecified	unspecified		unspecified	unspecified	present
acromegaly	440	unspecified	unspecified		unspecified	unspecified	present
acromegaly	470	unspecified	unspecified		unspecified	unspecified	present
acromegaly	475	unspecified	unspecified		unspecified	unspecified	present
acromegaly	603	unspecified	unspecified		unspecified	unspecified	present
acromegaly	609	unspecified	unspecified		unspecified	unspecified	present
acromegaly	955	unspecified	unspecified		unspecified	unspecified	present
acromegaly	960	unspecified	unspecified		unspecified	unspecified	present
acromegaly	1068	unspecified	unspecified		unspecified	unspecified	present
actinic-keratoses	280	unspecified	unspecified		unspecified	unspecified	present
actinic-keratoses	462	unspecified	unspecified		unspecified	unspecified	present
actinic-keratoses	782	unspecified	unspecified		unspecified	unspecified	present
actinic-keratoses	792	unspecified	unspecified		unspecified	unspecified	present
actinic-keratoses	836	unspecified	unspecified		unspecified	unspecified	present
actinomycosis	515	unspecified	unspecified		unspecified	unspecified	present
actinomycosis	518	unspecified	unspecified		unspecified	unspecified	present
actinomycosis	655	unspecified	unspecified		unspecified	unspecified	present
actinomycosis	732	unspecified	unspecified		unspecified	unspecified	present
actinomycosis	1038	unspecified	unspecified		unspecified	unspecified	present
acute-cholecystitis	29	unspecified	unspecified		unspecified	unspecified	present
acute-cholecystitis	114	unspecified	unspecified		unspecified	unspecified	present
acute-cholecystitis	323	unspecified	unspecified		unspecified	unspecified	present
acute-cholecystitis	350	unspecified	unspecified		unspecified	unspecified	present
acute-cholecystitis	417	unspecified	unspecified		unspecified	unspecified	present
acute-cholecystitis	463	unspecified	unspecified		unspecified	unspecified	present
acute-cholecystitis	585	unspecified	unspecified		unspecified	unspecified	present
acute-cholecystitis	646	unspecified	unspecified		unspecified	worsening	present
acute-cholecystitis	813	unspecified	unspecified		unspecified	unspecified	present
acute-cholecystitis	979	unspecified	unspecified		unspecified	unspecified	present
acute-cholecystitis	1053	unspecified	unspecified		unspecified	unspecified	present
acute-kidney-injury	100	unspecified	unspecified		unspecified	unspecified	present
acute-kidney-injury	165	unspecified	unspecified		unspecified	unspecified	present
acute-kidney-injury	323	unspecified	unspecified		unspecified	unspecified	present
acute-kidney-injury	431	unspecified	unspecified		unspecified	unspecified	present
acute-kidney-injury	492	unspecified	unspecified		unspecified	unspecified	present
acute-kidney-injury	585	unspecified	unspecified		unspecified	unspecified	present
acute-kidney-injury	638	unspecified	unspecified		unspecified	unspecified	present
acute-kidney-injury	939	unspecified	unspecified		unspecified	unspecified	present
acute-kidney-injury	1053	unspecified	unspecified		unspecified	unspecified	present
acute-myeloid-leukaemia	323	unspecified	unspecified		unspecified	unspecified	present
acute-myeloid-leukaemia	365	unspecified	unspecified		unspecified	unspecified	present
acute-myeloid-leukaemia	671	unspecified	unspecified		unspecified	unspecified	present
acute-myeloid-leukaemia	1020	unspecified	unspecified		unspecified	unspecified	present
acute-myeloid-leukaemia	1025	unspecified	unspecified		unspecified	unspecified	present
acute-myeloid-leukaemia	1026	unspecified	unspecified		unspecified	unspecified	present
acute-pancreatitis	415	unspecified	unspecified		unspecified	unspecified	present
acute-pancreatitis	614	unspecified	unspecified		unspecified	unspecified	present
acute-pancreatitis	617	unspecified	unspecified		unspecified	worsening	present
acute-pancreatitis	655	unspecified	unspecified		unspecified	unspecified	present
acute-pancreatitis	812	unspecified	unspecified		severe	unspecified	present
acute-pancreatitis	1053	unspecified	unspecified		unspecified	unspecified	present
acute-respiratory-distress-syndrome	321	unspecified	unspecified		unspecified	unspecified	present
addisons-disease	25	unspecified	unspecified		unspecified	unspecified	present
addisons-disease	29	unspecified	unspecified		unspecified	unspecified	present
addisons-disease	164	unspecified	unspecified		unspecified	unspecified	present
addisons-disease	323	unspecified	unspecified		unspecified	unspecified	present
addisons-disease	334	unspecified	unspecified		mild	unspecified	present
addisons-disease	422	unspecified	unspecified		unspecified	unspecified	present
addisons-disease	431	unspecified	unspecified		unspecified	unspecified	present
addisons-disease	432	unspecified	unspecified		unspecified	unspecified	present
addisons-disease	494	unspecified	unspecified		unspecified	unspecified	present
addisons-disease	636	unspecified	unspecified		unspecified	unspecified	present
addisons-disease	643	unspecified	unspecified		unspecified	unspecified	present
addisons-disease	655	unspecified	unspecified		unspecified	unspecified	present
addisons-disease	918	unspecified	unspecified		unspecified	unspecified	present
addisons-disease	1071	unspecified	unspecified		unspecified	unspecified	present
age-related-macular-degeneration-amd	258	unspecified	unspecified		unspecified	unspecified	present
age-related-macular-degeneration-amd	343	unspecified	unspecified		unspecified	unspecified	present
age-related-macular-degeneration-amd	393	unspecified	unspecified		unspecified	unspecified	present
age-related-macular-degeneration-amd	802	unspecified	unspecified		unspecified	unspecified	present
age-related-macular-degeneration-amd	803	unspecified	unspecified		unspecified	unspecified	present
albinism	84	unspecified	unspecified		unspecified	unspecified	present
albinism	382	unspecified	unspecified		unspecified	unspecified	present
albinism	512	unspecified	unspecified		unspecified	unspecified	present
albinism	535	unspecified	unspecified		unspecified	unspecified	present
albinism	606	unspecified	unspecified		unspecified	unspecified	present
albinism	802	unspecified	unspecified		unspecified	unspecified	present
albinism	834	unspecified	unspecified		unspecified	worsening	present
albinism	895	unspecified	unspecified		unspecified	unspecified	present
alcohol-poisoning	192	unspecified	unspecified		unspecified	unspecified	present
alcohol-poisoning	797	unspecified	unspecified		unspecified	unspecified	present
alcohol-poisoning	849	unspecified	unspecified		unspecified	unspecified	present
alcohol-poisoning	855	unspecified	unspecified		unspecified	unspecified	present
alcohol-poisoning	1034	unspecified	unspecified		unspecified	unspecified	present
alcohol-poisoning	1053	unspecified	unspecified		unspecified	unspecified	present
alcohol-use-disorder	165	unspecified	unspecified		unspecified	unspecified	present
alcohol-use-disorder	393	unspecified	unspecified		unspecified	unspecified	present
alcohol-use-disorder	438	unspecified	unspecified		unspecified	unspecified	present
alcohol-use-disorder	441	unspecified	unspecified		unspecified	unspecified	present
alcohol-use-disorder	585	unspecified	unspecified		unspecified	unspecified	present
alcohol-use-disorder	780	unspecified	unspecified		unspecified	unspecified	present
alcohol-use-disorder	797	unspecified	unspecified		unspecified	unspecified	present
alcohol-use-disorder	808	unspecified	unspecified		unspecified	unspecified	present
alcohol-use-disorder	1053	unspecified	unspecified		unspecified	unspecified	present
allergic-rhinitis	171	unspecified	unspecified		unspecified	unspecified	present
allergic-rhinitis	449	unspecified	unspecified		unspecified	unspecified	present
allergic-rhinitis	451	unspecified	unspecified		unspecified	unspecified	present
allergic-rhinitis	452	unspecified	unspecified		unspecified	unspecified	present
allergic-rhinitis	584	unspecified	unspecified		unspecified	unspecified	present
allergic-rhinitis	761	unspecified	unspecified		unspecified	unspecified	present
allergic-rhinitis	862	unspecified	unspecified		unspecified	unspecified	present
allergic-rhinitis	1064	unspecified	unspecified		unspecified	unspecified	present
allergies	71	unspecified	unspecified		unspecified	unspecified	present
allergies	314	unspecified	unspecified		unspecified	unspecified	present
allergies	315	unspecified	unspecified		unspecified	unspecified	present
allergies	418	unspecified	unspecified		unspecified	unspecified	present
allergies	584	unspecified	unspecified		unspecified	unspecified	present
allergies	585	unspecified	unspecified		unspecified	unspecified	present
allergies	761	unspecified	unspecified		unspecified	unspecified	present
allergies	862	unspecified	unspecified		unspecified	unspecified	present
allergies	974	unspecified	unspecified		unspecified	unspecified	present
allergies	1053	unspecified	unspecified		unspecified	unspecified	present
allergies	1064	unspecified	unspecified		unspecified	unspecified	present
altitude-sickness	29	unspecified	unspecified		unspecified	unspecified	present
altitude-sickness	323	unspecified	unspecified		unspecified	unspecified	present
altitude-sickness	399	unspecified	unspecified		unspecified	unspecified	present
altitude-sickness	438	unspecified	unspecified		unspecified	unspecified	present
altitude-sickness	585	unspecified	unspecified		unspecified	unspecified	present
altitude-sickness	1053	unspecified	unspecified		unspecified	unspecified	present
alzheimers-disease	165	unspecified	unspecified		unspecified	unspecified	present
alzheimers-disease	239	unspecified	unspecified		unspecified	unspecified	present
alzheimers-disease	393	unspecified	unspecified		unspecified	unspecified	present
alzheimers-disease	527	unspecified	unspecified		unspecified	unspecified	present
alzheimers-disease	528	unspecified	unspecified		unspecified	unspecified	present
amyloidosis	110	unspecified	unspecified		unspecified	unspecified	present
amyloidosis	134	unspecified	unspecified		unspecified	unspecified	present
amyloidosis	323	unspecified	unspecified		unspecified	unspecified	present
amyloidosis	368	unspecified	unspecified		unspecified	unspecified	present
amyloidosis	588	unspecified	unspecified		unspecified	unspecified	present
amyloidosis	638	unspecified	unspecified		unspecified	unspecified	present
amyloidosis	939	unspecified	unspecified		unspecified	unspecified	present
amyloidosis	1020	unspecified	unspecified		unspecified	unspecified	present
anal-fissure	58	unspecified	unspecified		unspecified	unspecified	present
anal-fissure	78	unspecified	unspecified		unspecified	unspecified	present
anal-fissure	619	unspecified	unspecified		unspecified	unspecified	present
anal-fistula	78	unspecified	unspecified		unspecified	unspecified	present
anal-fistula	246	unspecified	unspecified		unspecified	unspecified	present
anal-fistula	427	unspecified	unspecified		unspecified	unspecified	present
anal-fistula	522	unspecified	unspecified		unspecified	unspecified	present
anal-fistula	830	unspecified	unspecified		unspecified	unspecified	present
anal-fistula	833	unspecified	unspecified		unspecified	unspecified	present
anal-fistula	927	unspecified	unspecified		unspecified	unspecified	present
anal-fistula	990	unspecified	unspecified		unspecified	unspecified	present
anaphylaxis	165	unspecified	unspecified		unspecified	unspecified	present
anaphylaxis	192	unspecified	unspecified		unspecified	unspecified	present
anaphylaxis	241	unspecified	unspecified		unspecified	unspecified	present
anaphylaxis	260	unspecified	unspecified		unspecified	unspecified	present
anaphylaxis	323	unspecified	unspecified		unspecified	unspecified	present
anaphylaxis	827	unspecified	unspecified		unspecified	unspecified	present
anaphylaxis	838	unspecified	unspecified		unspecified	unspecified	present
anaphylaxis	946	unspecified	unspecified		unspecified	unspecified	present
anaphylaxis	947	unspecified	unspecified		unspecified	unspecified	present
androgen-insensitivity-syndrome	292	unspecified	unspecified		unspecified	unspecified	present
androgen-insensitivity-syndrome	389	unspecified	unspecified		unspecified	unspecified	absent
androgen-insensitivity-syndrome	390	unspecified	unspecified		unspecified	unspecified	absent
androgen-insensitivity-syndrome	693	unspecified	unspecified		unspecified	unspecified	absent
androgen-insensitivity-syndrome	1018	unspecified	unspecified		unspecified	unspecified	present
angina	526	unspecified	unspecified		unspecified	unspecified	present
angina	993	unspecified	unspecified		unspecified	unspecified	present
angioedema	219	unspecified	unspecified		unspecified	unspecified	present
angioedema	315	unspecified	unspecified		unspecified	unspecified	present
angioedema	418	unspecified	unspecified		unspecified	unspecified	present
angioedema	648	unspecified	unspecified		unspecified	unspecified	present
ankylosing-spondylitis	323	unspecified	unspecified		unspecified	unspecified	present
ankylosing-spondylitis	617	unspecified	unspecified		unspecified	unspecified	present
ankylosing-spondylitis	636	unspecified	unspecified		unspecified	unspecified	present
ankylosing-spondylitis	650	unspecified	unspecified		unspecified	unspecified	present
antiphospholipid-syndrome	75	unspecified	unspecified		unspecified	unspecified	present
antiphospholipid-syndrome	173	unspecified	unspecified		unspecified	unspecified	present
antiphospholipid-syndrome	470	unspecified	unspecified		unspecified	unspecified	present
antiphospholipid-syndrome	475	unspecified	unspecified		unspecified	unspecified	present
antiphospholipid-syndrome	479	unspecified	unspecified		unspecified	unspecified	present
antiphospholipid-syndrome	616	unspecified	unspecified		unspecified	unspecified	present
antiphospholipid-syndrome	638	unspecified	unspecified		unspecified	unspecified	present
antiphospholipid-syndrome	655	unspecified	unspecified		unspecified	unspecified	present
antiphospholipid-syndrome	743	unspecified	unspecified		unspecified	unspecified	present
antiphospholipid-syndrome	828	unspecified	unspecified		unspecified	unspecified	present
antiphospholipid-syndrome	928	unspecified	unspecified		unspecified	unspecified	present
antiphospholipid-syndrome	939	unspecified	unspecified		unspecified	unspecified	present
antiphospholipid-syndrome	948	unspecified	unspecified		unspecified	unspecified	present
antiphospholipid-syndrome	961	unspecified	unspecified		unspecified	unspecified	present
antiphospholipid-syndrome	1025	unspecified	unspecified		unspecified	unspecified	present
antiphospholipid-syndrome	1026	unspecified	unspecified		unspecified	unspecified	present
aphasia	213	unspecified	unspecified		unspecified	unspecified	present
aphasia	230	unspecified	unspecified		unspecified	unspecified	present
aphasia	231	unspecified	unspecified		unspecified	unspecified	present
aphasia	234	unspecified	unspecified		unspecified	unspecified	present
aphasia	525	unspecified	unspecified		unspecified	unspecified	present
aphasia	723	unspecified	unspecified		unspecified	unspecified	present
appendicitis	128	unspecified	unspecified		unspecified	unspecified	present
appendicitis	165	seconds_to_minutes	unspecified		unspecified	unspecified	present
appendicitis	228	unspecified	unspecified		unspecified	unspecified	present
appendicitis	417	unspecified	unspecified		unspecified	unspecified	present
appendicitis	431	unspecified	unspecified		unspecified	unspecified	present
appendicitis	432	unspecified	unspecified		unspecified	unspecified	present
appendicitis	585	unspecified	unspecified		unspecified	unspecified	present
appendicitis	613	unspecified	unspecified		unspecified	worsening	present
appendicitis	614	unspecified	unspecified		unspecified	unspecified	present
appendicitis	1053	unspecified	unspecified		unspecified	unspecified	present
arrhythmia	318	unspecified	unspecified		unspecified	unspecified	present
arrhythmia	496	unspecified	unspecified		unspecified	unspecified	present
arrhythmia	621	unspecified	unspecified		unspecified	unspecified	present
arrhythmia	675	unspecified	unspecified		unspecified	unspecified	present
arrhythmia	676	unspecified	unspecified		unspecified	unspecified	present
arthritis	228	unspecified	unspecified		unspecified	unspecified	present
arthritis	617	unspecified	unspecified		unspecified	unspecified	present
arthritis	636	unspecified	unspecified		unspecified	unspecified	present
arthritis	908	unspecified	unspecified		unspecified	unspecified	present
asbestosis	146	unspecified	unspecified		unspecified	unspecified	present
asbestosis	171	unspecified	unspecified		unspecified	unspecified	present
asbestosis	323	unspecified	unspecified		unspecified	unspecified	present
asbestosis	621	unspecified	unspecified		unspecified	unspecified	present
aspergillosis	171	unspecified	unspecified		unspecified	unspecified	present
aspergillosis	323	unspecified	unspecified		unspecified	unspecified	present
aspergillosis	417	unspecified	unspecified		unspecified	unspecified	present
aspergillosis	585	unspecified	unspecified		unspecified	unspecified	present
aspergillosis	1020	unspecified	unspecified		unspecified	unspecified	present
asthma	621	unspecified	unspecified		unspecified	unspecified	present
asthma	722	unspecified	unspecified		unspecified	unspecified	present
astigmatism	84	unspecified	unspecified		unspecified	unspecified	present
astigmatism	915	unspecified	unspecified		unspecified	unspecified	present
ataxia	24	unspecified	unspecified		unspecified	unspecified	present
ataxia	179	unspecified	unspecified		unspecified	unspecified	present
ataxia	190	unspecified	unspecified		unspecified	unspecified	present
ataxia	213	unspecified	unspecified		unspecified	unspecified	present
ataxia	233	unspecified	unspecified		unspecified	unspecified	present
ataxia	241	unspecified	unspecified		unspecified	unspecified	present
ataxia	506	unspecified	unspecified		unspecified	unspecified	present
ataxia	507	unspecified	unspecified		unspecified	unspecified	present
ataxia	531	unspecified	unspecified		unspecified	unspecified	present
ataxia	550	unspecified	unspecified		unspecified	unspecified	present
ataxia	554	unspecified	unspecified		unspecified	unspecified	present
ataxia	588	unspecified	unspecified		unspecified	unspecified	present
ataxia	721	unspecified	unspecified		unspecified	unspecified	present
ataxia	746	unspecified	unspecified		unspecified	unspecified	present
ataxia	855	unspecified	unspecified		unspecified	unspecified	present
ataxia	884	unspecified	unspecified		unspecified	unspecified	present
ataxia	909	unspecified	unspecified		unspecified	unspecified	present
ataxia	997	unspecified	unspecified		unspecified	unspecified	present
ataxia	1034	unspecified	unspecified		unspecified	unspecified	present
ataxia	1043	unspecified	unspecified		unspecified	unspecified	present
athletes-foot	66	unspecified	unspecified		unspecified	unspecified	present
athletes-foot	680	unspecified	unspecified		unspecified	unspecified	present
athletes-foot	762	unspecified	unspecified		unspecified	unspecified	present
athletes-foot	831	unspecified	unspecified		unspecified	unspecified	present
atopic-eczema	52	unspecified	unspecified		unspecified	unspecified	present
atopic-eczema	65	unspecified	unspecified		unspecified	unspecified	present
atopic-eczema	417	unspecified	unspecified		unspecified	unspecified	present
atopic-eczema	435	unspecified	unspecified		unspecified	unspecified	present
atopic-eczema	497	unspecified	unspecified		unspecified	unspecified	present
atopic-eczema	819	unspecified	unspecified		unspecified	unspecified	present
atopic-eczema	828	unspecified	unspecified		unspecified	unspecified	present
atrial-fibrillation	221	unspecified	unspecified		unspecified	unspecified	present
atrial-fibrillation	260	unspecified	unspecified		unspecified	unspecified	present
atrial-fibrillation	323	unspecified	unspecified		unspecified	unspecified	present
atrial-fibrillation	408	unspecified	unspecified		unspecified	unspecified	present
atrial-fibrillation	621	unspecified	unspecified		unspecified	unspecified	present
atrial-fibrillation	676	unspecified	unspecified		unspecified	unspecified	present
auditory-processing-disorder	224	unspecified	unspecified		unspecified	unspecified	present
autism	18	unspecified	unspecified		unspecified	unspecified	present
autism	19	unspecified	unspecified		unspecified	unspecified	absent
autism	20	unspecified	unspecified		unspecified	unspecified	present
autism	34	unspecified	unspecified		unspecified	unspecified	present
autism	44	unspecified	unspecified		unspecified	unspecified	absent
autism	161	unspecified	unspecified		unspecified	unspecified	absent
autism	170	unspecified	unspecified		unspecified	unspecified	absent
autism	189	unspecified	unspecified		unspecified	unspecified	absent
autism	259	unspecified	unspecified		unspecified	unspecified	present
autism	290	unspecified	unspecified		unspecified	unspecified	present
autism	291	unspecified	unspecified		unspecified	unspecified	present
autism	302	unspecified	unspecified		unspecified	unspecified	absent
autism	313	unspecified	unspecified		unspecified	unspecified	absent
autism	332	unspecified	unspecified		unspecified	unspecified	absent
autism	355	unspecified	unspecified		unspecified	unspecified	present
autism	367	unspecified	unspecified		unspecified	unspecified	absent
autism	543	unspecified	unspecified		unspecified	unspecified	present
autism	719	unspecified	unspecified		unspecified	unspecified	absent
autism	776	unspecified	unspecified		unspecified	unspecified	absent
autism	800	unspecified	unspecified		unspecified	unspecified	present
autism	863	unspecified	unspecified		unspecified	unspecified	present
autism	885	unspecified	unspecified		unspecified	unspecified	absent
autism	886	unspecified	unspecified		unspecified	unspecified	absent
autism	1050	unspecified	unspecified		unspecified	unspecified	absent
autosomal-dominant-polycystic-kidney-disease-adpkd	29	unspecified	unspecified		unspecified	unspecified	present
autosomal-dominant-polycystic-kidney-disease-adpkd	54	unspecified	unspecified		unspecified	unspecified	present
autosomal-dominant-polycystic-kidney-disease-adpkd	79	unspecified	unspecified		unspecified	unspecified	present
autosomal-dominant-polycystic-kidney-disease-adpkd	85	unspecified	unspecified		unspecified	unspecified	present
autosomal-dominant-polycystic-kidney-disease-adpkd	164	unspecified	unspecified		unspecified	unspecified	present
autosomal-dominant-polycystic-kidney-disease-adpkd	193	unspecified	unspecified		severe	unspecified	present
autosomal-dominant-polycystic-kidney-disease-adpkd	293	unspecified	unspecified		unspecified	unspecified	present
autosomal-dominant-polycystic-kidney-disease-adpkd	323	unspecified	unspecified		unspecified	unspecified	present
autosomal-dominant-polycystic-kidney-disease-adpkd	366	unspecified	unspecified		unspecified	unspecified	present
autosomal-dominant-polycystic-kidney-disease-adpkd	400	unspecified	unspecified		severe	unspecified	present
autosomal-dominant-polycystic-kidney-disease-adpkd	417	unspecified	unspecified		unspecified	unspecified	present
autosomal-dominant-polycystic-kidney-disease-adpkd	424	unspecified	unspecified		unspecified	unspecified	present
autosomal-dominant-polycystic-kidney-disease-adpkd	431	unspecified	unspecified		unspecified	unspecified	present
autosomal-dominant-polycystic-kidney-disease-adpkd	432	unspecified	unspecified		unspecified	unspecified	present
autosomal-dominant-polycystic-kidney-disease-adpkd	459	unspecified	unspecified		unspecified	unspecified	present
autosomal-dominant-polycystic-kidney-disease-adpkd	478	unspecified	unspecified		unspecified	unspecified	absent
autosomal-dominant-polycystic-kidney-disease-adpkd	585	unspecified	unspecified		unspecified	unspecified	present
autosomal-dominant-polycystic-kidney-disease-adpkd	625	unspecified	unspecified		unspecified	unspecified	present
autosomal-dominant-polycystic-kidney-disease-adpkd	665	unspecified	unspecified		unspecified	unspecified	present
autosomal-dominant-polycystic-kidney-disease-adpkd	693	unspecified	unspecified		unspecified	unspecified	absent
autosomal-dominant-polycystic-kidney-disease-adpkd	780	unspecified	unspecified		unspecified	unspecified	present
autosomal-dominant-polycystic-kidney-disease-adpkd	861	unspecified	unspecified		unspecified	unspecified	present
autosomal-dominant-polycystic-kidney-disease-adpkd	953	unspecified	unspecified		unspecified	unspecified	present
autosomal-dominant-polycystic-kidney-disease-adpkd	1037	unspecified	unspecified		unspecified	unspecified	present
autosomal-dominant-polycystic-kidney-disease-adpkd	1045	unspecified	unspecified		unspecified	unspecified	present
autosomal-dominant-polycystic-kidney-disease-adpkd	1053	unspecified	unspecified		unspecified	unspecified	present
autosomal-recessive-polycystic-kidney-disease-arpkd	29	unspecified	unspecified		unspecified	unspecified	present
autosomal-recessive-polycystic-kidney-disease-arpkd	98	unspecified	unspecified		unspecified	unspecified	present
autosomal-recessive-polycystic-kidney-disease-arpkd	275	unspecified	unspecified		unspecified	unspecified	present
autosomal-recessive-polycystic-kidney-disease-arpkd	277	unspecified	unspecified		unspecified	unspecified	present
autosomal-recessive-polycystic-kidney-disease-arpkd	323	unspecified	unspecified		unspecified	unspecified	present
autosomal-recessive-polycystic-kidney-disease-arpkd	366	unspecified	unspecified		unspecified	unspecified	present
autosomal-recessive-polycystic-kidney-disease-arpkd	431	unspecified	unspecified		unspecified	unspecified	present
autosomal-recessive-polycystic-kidney-disease-arpkd	459	unspecified	unspecified		unspecified	unspecified	present
autosomal-recessive-polycystic-kidney-disease-arpkd	585	unspecified	unspecified		unspecified	unspecified	present
autosomal-recessive-polycystic-kidney-disease-arpkd	922	unspecified	unspecified		unspecified	unspecified	present
autosomal-recessive-polycystic-kidney-disease-arpkd	948	unspecified	unspecified		unspecified	unspecified	present
autosomal-recessive-polycystic-kidney-disease-arpkd	953	unspecified	unspecified		unspecified	unspecified	present
bacterial-vaginosis	1039	unspecified	unspecified		unspecified	unspecified	present
balanitis	57	unspecified	unspecified		unspecified	unspecified	present
balanitis	665	unspecified	unspecified		unspecified	unspecified	present
balanitis	687	unspecified	unspecified		unspecified	unspecified	present
balanitis	691	unspecified	unspecified		unspecified	unspecified	present
balanitis	762	unspecified	unspecified		unspecified	unspecified	present
balanitis	991	unspecified	unspecified		unspecified	unspecified	present
balanitis	1021	unspecified	unspecified		unspecified	unspecified	present
balanitis	1039	unspecified	unspecified		unspecified	unspecified	present
bells-palsy	277	unspecified	unspecified		unspecified	unspecified	present
bells-palsy	304	unspecified	unspecified		unspecified	unspecified	present
bells-palsy	316	unspecified	unspecified		unspecified	unspecified	present
bile-duct-cancer	29	unspecified	unspecified		unspecified	unspecified	present
bile-duct-cancer	196	unspecified	unspecified		unspecified	unspecified	present
bile-duct-cancer	323	unspecified	unspecified		unspecified	unspecified	present
bile-duct-cancer	371	unspecified	unspecified		unspecified	unspecified	present
bile-duct-cancer	417	unspecified	unspecified		unspecified	unspecified	present
bile-duct-cancer	459	unspecified	unspecified		unspecified	unspecified	present
bile-duct-cancer	463	unspecified	unspecified		unspecified	unspecified	present
bile-duct-cancer	585	unspecified	unspecified		unspecified	unspecified	present
bile-duct-cancer	614	unspecified	unspecified		unspecified	unspecified	present
bile-duct-cancer	673	unspecified	unspecified		unspecified	unspecified	present
bile-duct-cancer	1053	unspecified	unspecified		unspecified	unspecified	present
bladder-cancer	79	unspecified	unspecified		unspecified	unspecified	present
bladder-cancer	90	unspecified	unspecified		unspecified	unspecified	present
bladder-cancer	323	unspecified	unspecified		unspecified	unspecified	present
bladder-cancer	431	unspecified	unspecified		unspecified	unspecified	present
bladder-cancer	432	unspecified	unspecified		unspecified	unspecified	present
bladder-cancer	614	unspecified	unspecified		unspecified	unspecified	present
bladder-cancer	665	unspecified	unspecified		unspecified	unspecified	present
bladder-cancer	1020	unspecified	unspecified		unspecified	unspecified	present
bladder-stones	79	unspecified	unspecified		unspecified	unspecified	present
bladder-stones	242	unspecified	unspecified		unspecified	unspecified	present
bladder-stones	614	unspecified	unspecified		unspecified	unspecified	present
bladder-stones	665	unspecified	unspecified		unspecified	unspecified	present
bladder-stones	1036	unspecified	unspecified		unspecified	unspecified	present
blepharitis	185	unspecified	unspecified		unspecified	unspecified	present
blepharitis	339	unspecified	unspecified		unspecified	unspecified	present
blepharitis	381	unspecified	unspecified		unspecified	unspecified	present
blepharitis	449	unspecified	unspecified		unspecified	unspecified	present
blepharitis	761	unspecified	unspecified		unspecified	unspecified	present
blepharitis	865	unspecified	unspecified		unspecified	unspecified	present
blepharitis	1064	unspecified	unspecified		unspecified	unspecified	present
bone-cancer	90	unspecified	unspecified		unspecified	unspecified	present
bone-cancer	202	unspecified	unspecified		unspecified	unspecified	present
bone-cancer	417	unspecified	unspecified		unspecified	unspecified	present
bone-cancer	512	unspecified	unspecified		unspecified	unspecified	present
bone-cancer	552	unspecified	unspecified		unspecified	unspecified	present
bone-cancer	589	unspecified	unspecified		unspecified	unspecified	present
bone-cancer	926	unspecified	unspecified		unspecified	unspecified	present
bone-cancer	1020	unspecified	unspecified		unspecified	unspecified	present
bone-cyst	513	unspecified	unspecified		unspecified	unspecified	present
bone-cyst	600	unspecified	unspecified		unspecified	unspecified	present
bone-cyst	994	unspecified	unspecified		unspecified	unspecified	present
botulism	3	unspecified	unspecified		unspecified	unspecified	present
botulism	85	unspecified	unspecified		unspecified	unspecified	present
botulism	215	unspecified	unspecified		unspecified	unspecified	present
botulism	217	unspecified	unspecified		unspecified	unspecified	present
botulism	241	unspecified	unspecified		unspecified	unspecified	present
botulism	266	unspecified	unspecified		unspecified	unspecified	present
botulism	277	unspecified	unspecified		unspecified	unspecified	present
botulism	349	unspecified	unspecified		unspecified	unspecified	present
botulism	493	unspecified	unspecified		unspecified	unspecified	present
botulism	563	unspecified	unspecified		unspecified	unspecified	present
botulism	572	unspecified	unspecified		unspecified	unspecified	present
botulism	677	unspecified	unspecified		unspecified	unspecified	present
botulism	1045	unspecified	unspecified		unspecified	unspecified	present
bowel-incontinence	426	unspecified	unspecified		unspecified	unspecified	present
bowel-incontinence	428	unspecified	unspecified		unspecified	unspecified	present
bowel-incontinence	1031	unspecified	unspecified		unspecified	unspecified	present
bowel-polyps	58	unspecified	unspecified		unspecified	unspecified	present
bowel-polyps	76	unspecified	unspecified		unspecified	unspecified	present
bowel-polyps	128	unspecified	unspecified		unspecified	unspecified	present
bowel-polyps	556	unspecified	unspecified		unspecified	unspecified	present
bowel-polyps	1020	unspecified	unspecified		unspecified	unspecified	present
brain-abscess	323	unspecified	unspecified		unspecified	unspecified	present
brain-abscess	399	unspecified	unspecified		unspecified	unspecified	present
brain-abscess	417	unspecified	unspecified		unspecified	unspecified	present
brain-abscess	529	unspecified	unspecified		unspecified	unspecified	present
brain-abscess	585	unspecified	unspecified		unspecified	unspecified	present
brain-abscess	587	unspecified	unspecified		unspecified	unspecified	present
brain-abscess	797	unspecified	unspecified		unspecified	unspecified	present
brain-abscess	903	unspecified	unspecified		unspecified	unspecified	present
brain-abscess	1044	unspecified	unspecified		unspecified	unspecified	present
brain-abscess	1053	unspecified	unspecified		unspecified	unspecified	present
brain-aneurysm	164	unspecified	unspecified		unspecified	unspecified	present
brain-aneurysm	316	unspecified	unspecified		unspecified	unspecified	present
brain-aneurysm	399	unspecified	unspecified		unspecified	unspecified	present
brain-aneurysm	527	unspecified	unspecified		unspecified	unspecified	present
brain-aneurysm	624	unspecified	unspecified		unspecified	unspecified	present
brain-aneurysm	721	unspecified	unspecified		unspecified	unspecified	present
brain-aneurysm	1044	unspecified	unspecified		unspecified	unspecified	present
brain-tumours	47	unspecified	unspecified		unspecified	unspecified	present
brain-tumours	269	unspecified	unspecified		unspecified	unspecified	present
brain-tumours	571	unspecified	unspecified		unspecified	unspecified	present
brain-tumours	585	unspecified	unspecified		unspecified	unspecified	present
brain-tumours	696	unspecified	unspecified		unspecified	unspecified	present
brain-tumours	797	unspecified	unspecified		unspecified	unspecified	present
brain-tumours	888	unspecified	unspecified		unspecified	unspecified	present
brain-tumours	1046	unspecified	unspecified		unspecified	unspecified	present
brain-tumours	1053	unspecified	unspecified		unspecified	unspecified	present
breast-cancer-in-men	29	unspecified	unspecified		unspecified	unspecified	present
breast-cancer-in-men	323	unspecified	unspecified		unspecified	unspecified	present
breast-cancer-in-men	438	unspecified	unspecified		unspecified	unspecified	present
breast-cancer-in-men	512	unspecified	unspecified		unspecified	unspecified	present
breast-cancer-in-men	526	unspecified	unspecified		unspecified	unspecified	present
breast-cancer-in-men	585	unspecified	unspecified		unspecified	unspecified	present
breast-cancer-in-men	592	unspecified	unspecified		unspecified	unspecified	present
breast-cancer-in-men	593	unspecified	unspecified		unspecified	unspecified	present
breast-cancer-in-men	810	unspecified	unspecified		unspecified	unspecified	present
breast-cancer-in-men	879	unspecified	unspecified		unspecified	unspecified	present
breast-cancer-in-men	926	unspecified	unspecified		unspecified	unspecified	present
breast-cancer-in-men	1053	unspecified	unspecified		unspecified	unspecified	present
broken-hip	1	unspecified	unspecified		unspecified	unspecified	present
broken-hip	111	unspecified	unspecified		unspecified	unspecified	present
broken-hip	112	unspecified	unspecified		unspecified	unspecified	present
broken-hip	629	unspecified	unspecified		unspecified	unspecified	present
broken-hip	634	unspecified	unspecified		unspecified	unspecified	present
broken-hip	638	unspecified	unspecified		unspecified	unspecified	present
broken-hip	937	unspecified	unspecified		unspecified	unspecified	present
broken-hip	939	unspecified	unspecified		unspecified	unspecified	present
broken-leg	108	unspecified	unspecified		unspecified	unspecified	present
broken-leg	205	unspecified	unspecified		unspecified	unspecified	present
broken-leg	299	unspecified	unspecified		unspecified	unspecified	present
broken-leg	373	unspecified	unspecified		unspecified	unspecified	present
broken-leg	544	unspecified	unspecified		unspecified	unspecified	present
broken-leg	613	unspecified	unspecified		unspecified	unspecified	present
broken-leg	926	unspecified	unspecified		unspecified	unspecified	present
broken-nose	74	unspecified	unspecified		unspecified	unspecified	present
broken-nose	108	unspecified	unspecified		unspecified	unspecified	present
broken-nose	177	unspecified	unspecified		unspecified	unspecified	present
broken-nose	613	unspecified	unspecified		unspecified	unspecified	present
broken-nose	809	unspecified	unspecified		unspecified	unspecified	present
broken-nose	926	unspecified	unspecified		unspecified	unspecified	present
broken-toe	108	unspecified	unspecified		unspecified	unspecified	present
broken-toe	243	unspecified	unspecified		unspecified	unspecified	present
broken-toe	613	unspecified	unspecified		unspecified	unspecified	present
broken-toe	828	unspecified	unspecified		unspecified	unspecified	present
broken-toe	926	unspecified	unspecified		unspecified	unspecified	present
bronchiectasis	133	unspecified	unspecified		unspecified	unspecified	present
bronchiectasis	171	unspecified	unspecified		unspecified	unspecified	present
bronchiectasis	173	unspecified	unspecified		unspecified	unspecified	present
bronchiectasis	323	unspecified	unspecified		unspecified	unspecified	present
bronchiectasis	596	unspecified	unspecified		unspecified	unspecified	present
bronchiectasis	621	unspecified	unspecified		unspecified	unspecified	present
bronchiolitis	171	unspecified	unspecified		unspecified	unspecified	present
bronchiolitis	241	unspecified	unspecified		unspecified	unspecified	present
bronchiolitis	322	unspecified	unspecified		unspecified	unspecified	present
bronchiolitis	408	unspecified	unspecified		unspecified	unspecified	present
bronchiolitis	441	unspecified	unspecified		unspecified	unspecified	present
bronchiolitis	596	unspecified	unspecified		unspecified	unspecified	present
bronchiolitis	780	unspecified	unspecified		unspecified	unspecified	present
bronchitis	134	unspecified	unspecified		unspecified	unspecified	present
bronchitis	171	unspecified	unspecified		unspecified	unspecified	present
bronchitis	417	unspecified	unspecified		unspecified	unspecified	present
bronchitis	784	unspecified	unspecified		unspecified	unspecified	present
bronchitis	868	unspecified	unspecified		unspecified	unspecified	present
brucellosis	29	unspecified	unspecified		unspecified	unspecified	present
brucellosis	323	unspecified	unspecified		unspecified	unspecified	present
brucellosis	417	unspecified	unspecified		unspecified	unspecified	present
brucellosis	617	unspecified	unspecified		unspecified	unspecified	present
brugada-syndrome	127	unspecified	unspecified		unspecified	unspecified	present
brugada-syndrome	260	unspecified	unspecified		unspecified	unspecified	present
brugada-syndrome	318	unspecified	unspecified		unspecified	unspecified	present
brugada-syndrome	496	unspecified	unspecified		unspecified	unspecified	present
brugada-syndrome	676	unspecified	unspecified		unspecified	unspecified	present
brugada-syndrome	797	unspecified	unspecified		unspecified	unspecified	present
bullous-pemphigoid	69	unspecified	unspecified		unspecified	unspecified	present
bunions	626	unspecified	unspecified		unspecified	unspecified	present
bunions	636	unspecified	unspecified		unspecified	unspecified	present
bunions	763	unspecified	unspecified		unspecified	unspecified	present
bunions	908	unspecified	unspecified		unspecified	unspecified	present
bunions	959	unspecified	unspecified		unspecified	unspecified	present
bursitis	613	unspecified	unspecified		unspecified	unspecified	present
bursitis	762	unspecified	unspecified		unspecified	unspecified	present
bursitis	826	unspecified	unspecified		unspecified	unspecified	present
bursitis	968	unspecified	unspecified		unspecified	unspecified	present
bursitis	969	unspecified	unspecified		unspecified	unspecified	present
bursitis	1060	unspecified	unspecified		unspecified	unspecified	present
c-difficile	29	unspecified	unspecified		unspecified	unspecified	present
c-difficile	323	unspecified	unspecified		unspecified	unspecified	present
c-difficile	417	unspecified	unspecified		unspecified	unspecified	present
c-difficile	585	unspecified	unspecified		unspecified	unspecified	present
c-difficile	1007	unspecified	unspecified		unspecified	unspecified	present
cancer	72	unspecified	unspecified		unspecified	unspecified	present
cancer	77	unspecified	unspecified		unspecified	unspecified	present
cancer	87	unspecified	unspecified		unspecified	unspecified	present
cancer	128	unspecified	unspecified		unspecified	unspecified	present
cancer	171	unspecified	unspecified		unspecified	unspecified	present
cancer	173	unspecified	unspecified		unspecified	unspecified	present
cancer	241	unspecified	unspecified		unspecified	unspecified	present
cancer	293	unspecified	unspecified		unspecified	unspecified	present
cancer	323	unspecified	unspecified		unspecified	unspecified	present
cancer	409	unspecified	unspecified		unspecified	unspecified	present
cancer	417	unspecified	unspecified		unspecified	unspecified	present
cancer	419	unspecified	unspecified		unspecified	unspecified	present
cancer	463	unspecified	unspecified		unspecified	unspecified	present
cancer	512	unspecified	unspecified		unspecified	unspecified	present
cancer	536	unspecified	unspecified		unspecified	unspecified	present
cancer	585	unspecified	unspecified		unspecified	unspecified	present
cancer	589	unspecified	unspecified		unspecified	unspecified	present
cancer	681	unspecified	unspecified		unspecified	unspecified	present
cancer	838	unspecified	unspecified		unspecified	unspecified	present
cancer	926	unspecified	unspecified		unspecified	unspecified	present
cancer	1011	unspecified	unspecified		unspecified	unspecified	present
cancer	1020	unspecified	unspecified		unspecified	unspecified	present
cancer	1025	unspecified	unspecified		unspecified	unspecified	present
cancer	1026	unspecified	unspecified		unspecified	unspecified	present
cancer	1036	unspecified	unspecified		unspecified	unspecified	present
cancer	1038	unspecified	unspecified		unspecified	unspecified	present
cancer	1039	unspecified	unspecified		unspecified	unspecified	present
carbon-monoxide-poisoning	85	unspecified	unspecified		unspecified	unspecified	present
carbon-monoxide-poisoning	165	unspecified	unspecified		unspecified	unspecified	present
carbon-monoxide-poisoning	323	unspecified	unspecified		unspecified	unspecified	present
carbon-monoxide-poisoning	354	unspecified	unspecified		unspecified	unspecified	present
carbon-monoxide-poisoning	399	unspecified	unspecified		unspecified	unspecified	present
carbon-monoxide-poisoning	585	unspecified	unspecified		unspecified	unspecified	present
carbon-monoxide-poisoning	621	unspecified	unspecified		unspecified	unspecified	present
carbon-monoxide-poisoning	1000	unspecified	unspecified		unspecified	unspecified	present
carbon-monoxide-poisoning	1045	unspecified	unspecified		unspecified	unspecified	present
carbon-monoxide-poisoning	1053	unspecified	unspecified		unspecified	unspecified	present
carbon-monoxide-poisoning	1066	unspecified	unspecified		unspecified	unspecified	present
carpal-tunnel-syndrome	30	unspecified	unspecified		unspecified	unspecified	present
carpal-tunnel-syndrome	380	unspecified	unspecified		unspecified	unspecified	present
carpal-tunnel-syndrome	395	unspecified	unspecified		unspecified	unspecified	present
carpal-tunnel-syndrome	603	unspecified	unspecified		unspecified	unspecified	present
carpal-tunnel-syndrome	1068	unspecified	unspecified		unspecified	unspecified	present
cataracts	84	unspecified	unspecified		unspecified	unspecified	present
cataracts	261	unspecified	unspecified		unspecified	unspecified	present
cataracts	317	unspecified	unspecified		unspecified	unspecified	present
cataracts	394	unspecified	unspecified		unspecified	unspecified	present
cataracts	715	unspecified	unspecified		unspecified	unspecified	present
cataracts	802	unspecified	unspecified		unspecified	unspecified	present
cataracts	1044	unspecified	unspecified		unspecified	unspecified	present
cataracts	1046	unspecified	unspecified		unspecified	unspecified	present
cellulitis	70	unspecified	unspecified		unspecified	unspecified	present
cellulitis	762	unspecified	unspecified		unspecified	unspecified	present
cellulitis	956	unspecified	unspecified		unspecified	unspecified	present
cerebral-palsy	207	unspecified	unspecified		unspecified	unspecified	present
cerebral-palsy	335	unspecified	unspecified		unspecified	unspecified	present
cerebral-palsy	348	unspecified	unspecified		unspecified	unspecified	present
cerebral-palsy	465	unspecified	unspecified		unspecified	unspecified	present
cerebral-palsy	565	unspecified	unspecified		unspecified	unspecified	present
cerebral-palsy	923	unspecified	unspecified		unspecified	unspecified	present
cerebral-palsy	999	unspecified	unspecified		unspecified	unspecified	present
cerebral-palsy	1016	unspecified	unspecified		unspecified	unspecified	present
cerebral-palsy	1069	unspecified	unspecified		unspecified	unspecified	present
cervical-cancer	613	unspecified	unspecified		unspecified	unspecified	present
cervical-cancer	614	unspecified	unspecified		unspecified	unspecified	present
cervical-cancer	1038	unspecified	unspecified		unspecified	unspecified	present
cervical-spondylosis	401	unspecified	unspecified		unspecified	unspecified	present
cervical-spondylosis	903	unspecified	unspecified		unspecified	unspecified	present
charles-bonnet-syndrome	393	unspecified	unspecified		unspecified	unspecified	present
charles-bonnet-syndrome	1048	unspecified	unspecified		unspecified	unspecified	present
charles-bonnet-syndrome	1049	unspecified	unspecified		unspecified	unspecified	present
chiari-malformation	84	unspecified	unspecified		unspecified	unspecified	present
chiari-malformation	210	unspecified	unspecified		unspecified	unspecified	present
chiari-malformation	241	unspecified	unspecified		unspecified	unspecified	present
chiari-malformation	399	unspecified	unspecified		unspecified	unspecified	present
chiari-malformation	438	unspecified	unspecified		unspecified	unspecified	present
chiari-malformation	571	unspecified	unspecified		unspecified	unspecified	present
chiari-malformation	585	unspecified	unspecified		unspecified	unspecified	present
chiari-malformation	617	unspecified	unspecified		unspecified	unspecified	present
chiari-malformation	721	unspecified	unspecified		unspecified	unspecified	present
chiari-malformation	997	unspecified	unspecified		unspecified	unspecified	present
chiari-malformation	1053	unspecified	unspecified		unspecified	unspecified	present
chickenpox	29	unspecified	unspecified		unspecified	unspecified	present
chickenpox	350	unspecified	unspecified		unspecified	unspecified	present
chickenpox	371	unspecified	unspecified		unspecified	unspecified	present
chickenpox	417	unspecified	unspecified		unspecified	unspecified	present
chickenpox	738	unspecified	unspecified		unspecified	unspecified	present
chilblains	490	unspecified	unspecified		unspecified	unspecified	present
chilblains	491	unspecified	unspecified		unspecified	unspecified	present
chlamydia	60	unspecified	unspecified		unspecified	unspecified	present
chlamydia	120	unspecified	unspecified		unspecified	unspecified	present
chlamydia	248	unspecified	unspecified		unspecified	unspecified	present
chlamydia	450	unspecified	unspecified		unspecified	unspecified	present
chlamydia	614	unspecified	unspecified		unspecified	unspecified	present
chlamydia	615	unspecified	unspecified		unspecified	unspecified	present
chlamydia	624	unspecified	unspecified		unspecified	unspecified	present
chlamydia	651	unspecified	unspecified		unspecified	unspecified	present
chlamydia	665	unspecified	unspecified		unspecified	unspecified	present
chlamydia	687	unspecified	unspecified		unspecified	unspecified	present
chlamydia	768	unspecified	unspecified		unspecified	unspecified	present
chlamydia	868	unspecified	unspecified		unspecified	unspecified	present
chlamydia	945	unspecified	unspecified		unspecified	unspecified	present
chlamydia	1039	unspecified	unspecified		unspecified	unspecified	present
cholera	211	unspecified	unspecified		unspecified	unspecified	present
cholera	585	unspecified	unspecified		unspecified	unspecified	present
cholera	1007	unspecified	unspecified		unspecified	unspecified	present
cholera	1053	unspecified	unspecified		unspecified	unspecified	present
cholesteatoma	247	unspecified	unspecified		unspecified	unspecified	present
cholesteatoma	285	unspecified	unspecified		unspecified	unspecified	present
cholesteatoma	287	unspecified	unspecified		unspecified	unspecified	present
cholesteatoma	404	unspecified	unspecified		unspecified	unspecified	present
chronic-myeloid-leukaemia	29	unspecified	unspecified		unspecified	unspecified	present
chronic-myeloid-leukaemia	52	unspecified	unspecified		unspecified	unspecified	present
chronic-myeloid-leukaemia	71	unspecified	unspecified		unspecified	unspecified	present
chronic-myeloid-leukaemia	84	unspecified	unspecified		unspecified	unspecified	present
chronic-myeloid-leukaemia	90	unspecified	unspecified		unspecified	unspecified	present
chronic-myeloid-leukaemia	108	unspecified	unspecified		unspecified	unspecified	present
chronic-myeloid-leukaemia	323	unspecified	unspecified		unspecified	unspecified	present
chronic-myeloid-leukaemia	364	unspecified	unspecified		unspecified	unspecified	present
chronic-myeloid-leukaemia	470	unspecified	unspecified		unspecified	unspecified	present
chronic-myeloid-leukaemia	475	unspecified	unspecified		unspecified	unspecified	present
chronic-myeloid-leukaemia	589	unspecified	unspecified		unspecified	unspecified	present
chronic-myeloid-leukaemia	608	unspecified	unspecified		unspecified	unspecified	present
chronic-myeloid-leukaemia	661	unspecified	unspecified		unspecified	unspecified	present
chronic-myeloid-leukaemia	674	unspecified	unspecified		unspecified	unspecified	present
chronic-myeloid-leukaemia	956	unspecified	unspecified		unspecified	unspecified	present
chronic-obstructive-pulmonary-disease-copd	133	unspecified	unspecified		unspecified	unspecified	present
chronic-obstructive-pulmonary-disease-copd	136	unspecified	unspecified		unspecified	unspecified	present
chronic-obstructive-pulmonary-disease-copd	1073	unspecified	unspecified		unspecified	unspecified	present
chronic-pancreatitis	72	unspecified	unspecified		unspecified	unspecified	present
chronic-pancreatitis	431	unspecified	unspecified		unspecified	unspecified	present
chronic-pancreatitis	432	unspecified	unspecified		unspecified	unspecified	present
chronic-pancreatitis	585	unspecified	unspecified		unspecified	unspecified	present
chronic-pancreatitis	613	unspecified	unspecified		unspecified	unspecified	present
chronic-pancreatitis	614	unspecified	unspecified		unspecified	unspecified	present
chronic-pancreatitis	656	unspecified	unspecified		unspecified	unspecified	present
chronic-pancreatitis	859	unspecified	unspecified		unspecified	unspecified	present
chronic-pancreatitis	1020	unspecified	unspecified		unspecified	unspecified	present
chronic-pancreatitis	1053	unspecified	unspecified		unspecified	unspecified	present
chronic-traumatic-encephalopathy	165	unspecified	unspecified		unspecified	unspecified	present
chronic-traumatic-encephalopathy	210	unspecified	unspecified		unspecified	unspecified	present
chronic-traumatic-encephalopathy	527	unspecified	unspecified		unspecified	unspecified	present
chronic-traumatic-encephalopathy	528	unspecified	unspecified		unspecified	unspecified	present
chronic-traumatic-encephalopathy	537	unspecified	unspecified		unspecified	unspecified	present
chronic-traumatic-encephalopathy	544	unspecified	unspecified		unspecified	unspecified	present
chronic-traumatic-encephalopathy	611	unspecified	unspecified		unspecified	unspecified	present
chronic-traumatic-encephalopathy	696	unspecified	unspecified		unspecified	unspecified	present
chronic-traumatic-encephalopathy	986	unspecified	unspecified		unspecified	unspecified	present
cluster-headaches	309	unspecified	unspecified		unspecified	unspecified	present
cluster-headaches	310	unspecified	unspecified		unspecified	unspecified	present
cluster-headaches	323	unspecified	unspecified		unspecified	unspecified	present
cluster-headaches	399	unspecified	unspecified		unspecified	unspecified	present
cluster-headaches	403	unspecified	unspecified		unspecified	unspecified	present
cluster-headaches	585	unspecified	unspecified		unspecified	unspecified	present
cluster-headaches	748	unspecified	unspecified		unspecified	unspecified	present
cluster-headaches	778	unspecified	unspecified		unspecified	unspecified	present
cluster-headaches	784	unspecified	unspecified		unspecified	unspecified	present
cluster-headaches	811	unspecified	unspecified		unspecified	unspecified	present
cluster-headaches	858	unspecified	unspecified		unspecified	unspecified	present
cluster-headaches	925	unspecified	unspecified		unspecified	unspecified	present
cluster-headaches	1062	unspecified	unspecified		unspecified	unspecified	present
coeliac-disease	72	unspecified	unspecified		unspecified	unspecified	present
coeliac-disease	208	unspecified	unspecified		unspecified	unspecified	present
coeliac-disease	323	unspecified	unspecified		unspecified	unspecified	present
coeliac-disease	386	unspecified	unspecified		unspecified	unspecified	present
coeliac-disease	459	unspecified	unspecified		unspecified	unspecified	present
coeliac-disease	588	unspecified	unspecified		unspecified	unspecified	present
coeliac-disease	850	unspecified	unspecified		unspecified	unspecified	present
coeliac-disease	859	unspecified	unspecified		unspecified	unspecified	present
coeliac-disease	912	unspecified	unspecified		unspecified	unspecified	present
coeliac-disease	1071	unspecified	unspecified		unspecified	unspecified	present
cold-sores	69	unspecified	unspecified		unspecified	unspecified	present
cold-sores	159	unspecified	unspecified		unspecified	unspecified	present
cold-sores	187	unspecified	unspecified		unspecified	unspecified	present
cold-sores	659	unspecified	unspecified		unspecified	unspecified	present
cold-sores	660	unspecified	unspecified		unspecified	unspecified	present
cold-sores	664	unspecified	unspecified		unspecified	unspecified	present
cold-sores	823	unspecified	unspecified		unspecified	unspecified	present
cold-sores	1011	unspecified	unspecified		unspecified	unspecified	present
colic	0	unspecified	unspecified		unspecified	unspecified	present
colic	15	unspecified	unspecified		unspecified	unspecified	present
colic	128	unspecified	unspecified		unspecified	unspecified	present
colic	188	unspecified	unspecified		unspecified	unspecified	present
colic	338	unspecified	unspecified		unspecified	unspecified	present
colic	345	unspecified	unspecified		unspecified	unspecified	present
colic	354	unspecified	unspecified		unspecified	unspecified	present
colic	429	unspecified	unspecified		unspecified	unspecified	present
colic	430	unspecified	unspecified		unspecified	unspecified	present
common-cold	171	unspecified	unspecified		unspecified	unspecified	present
common-cold	286	unspecified	unspecified		unspecified	unspecified	present
common-cold	298	unspecified	unspecified		unspecified	unspecified	present
common-cold	311	unspecified	unspecified		unspecified	unspecified	present
common-cold	323	unspecified	unspecified		unspecified	unspecified	present
common-cold	417	unspecified	unspecified		unspecified	unspecified	present
common-cold	419	unspecified	unspecified		unspecified	unspecified	present
common-cold	466	unspecified	unspecified		unspecified	unspecified	present
common-cold	540	unspecified	unspecified		unspecified	unspecified	present
common-cold	559	unspecified	unspecified		unspecified	unspecified	present
common-cold	585	unspecified	unspecified		unspecified	unspecified	present
common-cold	784	unspecified	unspecified		unspecified	unspecified	present
common-cold	868	unspecified	unspecified		unspecified	unspecified	present
compartment-syndrome	236	unspecified	unspecified		unspecified	unspecified	present
compartment-syndrome	562	unspecified	unspecified		unspecified	unspecified	present
compartment-syndrome	566	unspecified	unspecified		unspecified	unspecified	present
complex-regional-pain-syndrome	236	unspecified	unspecified		unspecified	unspecified	present
complex-regional-pain-syndrome	359	unspecified	unspecified		unspecified	unspecified	present
complex-regional-pain-syndrome	388	unspecified	unspecified		unspecified	unspecified	present
complex-regional-pain-syndrome	438	unspecified	unspecified		unspecified	unspecified	present
complex-regional-pain-syndrome	474	unspecified	unspecified		unspecified	unspecified	present
complex-regional-pain-syndrome	476	unspecified	unspecified		unspecified	unspecified	present
complex-regional-pain-syndrome	560	unspecified	unspecified		unspecified	unspecified	present
complex-regional-pain-syndrome	570	unspecified	unspecified		unspecified	unspecified	present
complex-regional-pain-syndrome	576	unspecified	unspecified		unspecified	unspecified	present
complex-regional-pain-syndrome	613	unspecified	over_8_weeks	chronic	unspecified	unspecified	present
complex-regional-pain-syndrome	843	unspecified	unspecified		unspecified	unspecified	present
complex-regional-pain-syndrome	916	unspecified	unspecified		unspecified	unspecified	present
congenital-heart-disease	71	unspecified	unspecified		unspecified	unspecified	present
congenital-heart-disease	139	unspecified	unspecified		unspecified	unspecified	present
congenital-heart-disease	158	unspecified	unspecified		unspecified	unspecified	present
congenital-heart-disease	192	unspecified	unspecified		unspecified	unspecified	present
congenital-heart-disease	217	unspecified	unspecified		unspecified	unspecified	present
congenital-heart-disease	323	unspecified	unspecified		unspecified	unspecified	present
congenital-heart-disease	406	unspecified	unspecified		unspecified	unspecified	present
congenital-heart-disease	608	unspecified	unspecified		unspecified	unspecified	present
congenital-heart-disease	676	unspecified	unspecified		unspecified	unspecified	present
conjunctivitis	301	unspecified	unspecified		unspecified	unspecified	present
conjunctivitis	381	unspecified	unspecified		unspecified	unspecified	present
conjunctivitis	700	unspecified	unspecified		unspecified	unspecified	present
conjunctivitis	733	unspecified	unspecified		unspecified	unspecified	present
conjunctivitis	749	unspecified	unspecified		unspecified	unspecified	present
constipation	165	unspecified	unspecified		unspecified	unspecified	present
constipation	168	unspecified	unspecified		unspecified	unspecified	present
constipation	619	unspecified	unspecified		unspecified	unspecified	present
constipation	912	unspecified	unspecified		unspecified	unspecified	present
constipation	914	unspecified	unspecified		unspecified	unspecified	present
coronary-heart-disease	318	unspecified	unspecified		unspecified	unspecified	present
coronary-heart-disease	496	unspecified	unspecified		unspecified	unspecified	present
coronary-heart-disease	585	unspecified	unspecified		unspecified	unspecified	present
coronary-heart-disease	616	unspecified	unspecified		unspecified	unspecified	present
coronary-heart-disease	621	unspecified	unspecified		unspecified	unspecified	present
coronary-heart-disease	635	unspecified	unspecified		unspecified	unspecified	present
coronary-heart-disease	644	unspecified	unspecified		unspecified	unspecified	present
coronary-heart-disease	646	unspecified	unspecified		unspecified	unspecified	present
coronary-heart-disease	1053	unspecified	unspecified		unspecified	unspecified	present
corticobasal-degeneration	169	unspecified	unspecified		unspecified	unspecified	present
corticobasal-degeneration	241	unspecified	unspecified		unspecified	unspecified	present
corticobasal-degeneration	565	unspecified	unspecified		unspecified	unspecified	present
corticobasal-degeneration	568	unspecified	unspecified		unspecified	unspecified	present
corticobasal-degeneration	574	unspecified	unspecified		unspecified	unspecified	present
corticobasal-degeneration	721	unspecified	unspecified		unspecified	unspecified	present
corticobasal-degeneration	853	unspecified	unspecified		unspecified	unspecified	present
corticobasal-degeneration	855	unspecified	unspecified		unspecified	unspecified	present
costochondritis	135	unspecified	unspecified		unspecified	unspecified	present
costochondritis	613	unspecified	unspecified		unspecified	unspecified	present
costochondritis	621	unspecified	unspecified		unspecified	unspecified	present
cradle-cap	178	unspecified	unspecified		unspecified	unspecified	present
cradle-cap	183	unspecified	unspecified		unspecified	unspecified	present
cradle-cap	184	unspecified	unspecified		unspecified	unspecified	present
cradle-cap	186	unspecified	unspecified		unspecified	unspecified	present
cradle-cap	274	unspecified	unspecified		unspecified	unspecified	present
cradle-cap	358	unspecified	unspecified		unspecified	unspecified	present
cradle-cap	375	unspecified	unspecified		unspecified	unspecified	present
cradle-cap	376	unspecified	unspecified		unspecified	unspecified	present
cradle-cap	488	unspecified	unspecified		unspecified	unspecified	present
cradle-cap	707	unspecified	unspecified		unspecified	unspecified	present
cradle-cap	708	unspecified	unspecified		unspecified	unspecified	present
cradle-cap	709	unspecified	unspecified		unspecified	unspecified	present
cradle-cap	789	unspecified	unspecified		unspecified	unspecified	present
cradle-cap	791	unspecified	unspecified		unspecified	unspecified	present
cradle-cap	793	unspecified	unspecified		unspecified	unspecified	present
cradle-cap	828	unspecified	unspecified		unspecified	unspecified	present
craniosynostosis	6	unspecified	unspecified		unspecified	unspecified	present
craniosynostosis	223	unspecified	unspecified		unspecified	unspecified	present
craniosynostosis	245	unspecified	unspecified		unspecified	unspecified	present
craniosynostosis	506	unspecified	unspecified		unspecified	unspecified	present
craniosynostosis	507	unspecified	unspecified		unspecified	unspecified	present
craniosynostosis	711	unspecified	unspecified		unspecified	unspecified	present
craniosynostosis	722	unspecified	unspecified		unspecified	unspecified	present
craniosynostosis	1028	unspecified	unspecified		unspecified	unspecified	present
creutzfeldt-jakob-disease-cjd	464	unspecified	unspecified		unspecified	unspecified	present
creutzfeldt-jakob-disease-cjd	503	unspecified	unspecified		unspecified	unspecified	present
creutzfeldt-jakob-disease-cjd	504	unspecified	unspecified		unspecified	worsening	present
creutzfeldt-jakob-disease-cjd	505	unspecified	unspecified		unspecified	unspecified	present
creutzfeldt-jakob-disease-cjd	537	unspecified	unspecified		unspecified	unspecified	present
creutzfeldt-jakob-disease-cjd	696	unspecified	unspecified		unspecified	unspecified	present
creutzfeldt-jakob-disease-cjd	855	unspecified	unspecified		unspecified	unspecified	present
creutzfeldt-jakob-disease-cjd	1046	unspecified	unspecified		unspecified	unspecified	present
crohns-disease	29	unspecified	unspecified		unspecified	unspecified	present
crohns-disease	76	unspecified	unspecified		unspecified	unspecified	present
crohns-disease	556	unspecified	unspecified		unspecified	unspecified	present
crohns-disease	615	unspecified	unspecified		unspecified	unspecified	present
crohns-disease	851	unspecified	unspecified		unspecified	unspecified	present
crohns-disease	1007	unspecified	unspecified		unspecified	unspecified	present
crohns-disease	1029	unspecified	unspecified		unspecified	unspecified	present
croup	41	unspecified	unspecified		unspecified	unspecified	present
croup	419	unspecified	unspecified		unspecified	unspecified	present
croup	596	unspecified	unspecified		unspecified	unspecified	present
cushings-syndrome	4	unspecified	unspecified		unspecified	unspecified	present
cushings-syndrome	289	unspecified	unspecified		unspecified	unspecified	present
cushings-syndrome	296	unspecified	unspecified		unspecified	unspecified	present
cushings-syndrome	440	unspecified	unspecified		unspecified	unspecified	present
cushings-syndrome	509	unspecified	unspecified		unspecified	unspecified	present
cushings-syndrome	538	unspecified	unspecified		unspecified	unspecified	present
cushings-syndrome	571	unspecified	unspecified		unspecified	unspecified	present
cushings-syndrome	752	unspecified	unspecified		unspecified	unspecified	present
cushings-syndrome	919	unspecified	unspecified		unspecified	unspecified	present
cyclical-vomiting-syndrome	29	unspecified	unspecified		unspecified	unspecified	present
cyclical-vomiting-syndrome	298	unspecified	unspecified		unspecified	unspecified	present
cyclical-vomiting-syndrome	305	unspecified	unspecified		unspecified	unspecified	present
cyclical-vomiting-syndrome	585	unspecified	unspecified		unspecified	unspecified	present
cyclical-vomiting-syndrome	1007	unspecified	unspecified		unspecified	unspecified	present
cyclical-vomiting-syndrome	1053	unspecified	unspecified		unspecified	unspecified	present
cystic-fibrosis	73	unspecified	unspecified		unspecified	unspecified	present
cystic-fibrosis	133	unspecified	unspecified		unspecified	unspecified	present
cystic-fibrosis	171	unspecified	unspecified		unspecified	unspecified	present
cystic-fibrosis	786	unspecified	unspecified		unspecified	unspecified	present
cystic-fibrosis	851	unspecified	unspecified		unspecified	unspecified	present
cystic-fibrosis	859	unspecified	unspecified		unspecified	unspecified	present
cystic-fibrosis	913	unspecified	unspecified		unspecified	unspecified	present
cystic-fibrosis	944	unspecified	unspecified		unspecified	unspecified	present
cystic-fibrosis	955	unspecified	unspecified		unspecified	unspecified	present
cystic-fibrosis	960	unspecified	unspecified		unspecified	unspecified	present
cystic-fibrosis	1071	unspecified	unspecified		unspecified	unspecified	present
dandruff	194	unspecified	unspecified		unspecified	unspecified	present
dandruff	279	unspecified	unspecified		unspecified	unspecified	present
dandruff	461	unspecified	unspecified		unspecified	unspecified	present
deep-vein-thrombosis-dvt	614	unspecified	unspecified		unspecified	unspecified	present
deep-vein-thrombosis-dvt	638	unspecified	unspecified		unspecified	unspecified	present
deep-vein-thrombosis-dvt	828	unspecified	unspecified		unspecified	unspecified	present
deep-vein-thrombosis-dvt	939	unspecified	unspecified		unspecified	unspecified	present
deep-vein-thrombosis-dvt	961	unspecified	unspecified		unspecified	unspecified	present
deep-vein-thrombosis-dvt	989	unspecified	unspecified		unspecified	unspecified	present
dehydration	117	unspecified	unspecified		unspecified	unspecified	present
dehydration	242	unspecified	unspecified		unspecified	unspecified	present
dehydration	260	unspecified	unspecified		unspecified	unspecified	present
dehydration	270	unspecified	unspecified		unspecified	unspecified	present
dehydration	276	unspecified	unspecified		unspecified	unspecified	present
dehydration	278	unspecified	unspecified		unspecified	unspecified	present
dehydration	283	unspecified	unspecified		unspecified	unspecified	present
dehydration	323	unspecified	unspecified		unspecified	unspecified	present
dehydration	325	unspecified	unspecified		unspecified	unspecified	present
dehydration	400	unspecified	unspecified		unspecified	unspecified	present
dehydration	431	unspecified	unspecified		unspecified	unspecified	present
dehydration	495	unspecified	unspecified		unspecified	unspecified	present
dehydration	585	unspecified	unspecified		unspecified	unspecified	present
dehydration	922	unspecified	unspecified		unspecified	unspecified	present
dehydration	964	unspecified	unspecified		unspecified	unspecified	absent
dehydration	1037	unspecified	unspecified		unspecified	unspecified	present
dehydration	1072	unspecified	unspecified		unspecified	unspecified	present
dementia	23	unspecified	unspecified		unspecified	unspecified	present
dementia	25	unspecified	unspecified		unspecified	unspecified	present
dementia	93	unspecified	unspecified		unspecified	unspecified	present
dementia	162	unspecified	unspecified		unspecified	unspecified	present
dementia	164	unspecified	unspecified		unspecified	unspecified	present
dementia	165	unspecified	unspecified		unspecified	unspecified	present
dementia	218	unspecified	unspecified		unspecified	unspecified	present
dementia	223	unspecified	unspecified		unspecified	unspecified	present
dementia	229	unspecified	unspecified		unspecified	unspecified	present
dementia	241	unspecified	unspecified		unspecified	unspecified	present
dementia	243	unspecified	unspecified		unspecified	unspecified	present
dementia	256	unspecified	unspecified		unspecified	unspecified	present
dementia	318	unspecified	unspecified		unspecified	unspecified	present
dementia	393	unspecified	unspecified		unspecified	unspecified	present
dementia	428	unspecified	unspecified		unspecified	unspecified	present
dementia	527	unspecified	unspecified		unspecified	unspecified	present
dementia	528	unspecified	unspecified		unspecified	unspecified	present
dementia	534	unspecified	unspecified		unspecified	unspecified	present
dementia	537	unspecified	unspecified		unspecified	unspecified	present
dementia	538	unspecified	unspecified		unspecified	unspecified	present
dementia	607	unspecified	unspecified		unspecified	unspecified	present
dementia	611	unspecified	unspecified		unspecified	unspecified	present
dementia	695	unspecified	unspecified		unspecified	unspecified	present
dementia	696	unspecified	unspecified		unspecified	unspecified	present
dementia	697	unspecified	unspecified		unspecified	unspecified	present
dementia	774	unspecified	unspecified		unspecified	unspecified	present
dementia	775	unspecified	unspecified		unspecified	unspecified	present
dementia	845	unspecified	unspecified		unspecified	unspecified	present
dengue	83	unspecified	unspecified		unspecified	unspecified	present
dengue	400	unspecified	unspecified		severe	unspecified	present
dengue	417	unspecified	unspecified		unspecified	unspecified	present
dengue	466	unspecified	unspecified		unspecified	unspecified	present
dengue	559	unspecified	unspecified		unspecified	unspecified	present
dengue	585	unspecified	unspecified		unspecified	unspecified	present
dengue	624	unspecified	unspecified		unspecified	unspecified	present
dengue	956	unspecified	unspecified		unspecified	unspecified	present
dengue	1053	unspecified	unspecified		unspecified	unspecified	present
dental-abscess	37	unspecified	unspecified		unspecified	unspecified	present
dental-abscess	38	unspecified	unspecified		unspecified	unspecified	present
dental-abscess	241	unspecified	unspecified		unspecified	unspecified	present
dental-abscess	417	unspecified	unspecified		unspecified	unspecified	present
dental-abscess	769	unspecified	unspecified		unspecified	unspecified	present
dental-abscess	933	unspecified	unspecified		unspecified	unspecified	present
dental-abscess	942	unspecified	unspecified		unspecified	unspecified	present
dental-abscess	956	unspecified	unspecified		unspecified	unspecified	present
dental-abscess	1002	unspecified	unspecified		unspecified	unspecified	present
dental-abscess	1003	unspecified	unspecified		unspecified	unspecified	present
detached-retina-retinal-detachment	807	unspecified	unspecified		unspecified	unspecified	present
detached-retina-retinal-detachment	1044	unspecified	unspecified		unspecified	unspecified	present
developmental-coordination-disorder-dyspraxia	713	unspecified	unspecified		unspecified	unspecified	present
developmental-coordination-disorder-dyspraxia-in-adults	147	unspecified	unspecified		unspecified	unspecified	present
developmental-coordination-disorder-dyspraxia-in-adults	228	unspecified	unspecified		unspecified	unspecified	present
developmental-dysplasia-of-the-hip	144	unspecified	unspecified		unspecified	unspecified	present
developmental-dysplasia-of-the-hip	145	unspecified	unspecified		unspecified	unspecified	present
developmental-dysplasia-of-the-hip	487	unspecified	unspecified		unspecified	unspecified	present
developmental-dysplasia-of-the-hip	499	unspecified	unspecified		unspecified	unspecified	present
developmental-dysplasia-of-the-hip	501	unspecified	unspecified		unspecified	unspecified	present
developmental-dysplasia-of-the-hip	629	unspecified	unspecified		unspecified	unspecified	present
developmental-dysplasia-of-the-hip	634	unspecified	unspecified		unspecified	unspecified	present
developmental-dysplasia-of-the-hip	638	unspecified	unspecified		unspecified	unspecified	present
diabetes-insipidus	29	unspecified	unspecified		unspecified	unspecified	present
diabetes-insipidus	43	unspecified	unspecified		unspecified	unspecified	present
diabetes-insipidus	295	unspecified	unspecified		unspecified	unspecified	present
diabetes-insipidus	323	unspecified	unspecified		unspecified	unspecified	present
diabetes-insipidus	334	unspecified	unspecified		unspecified	unspecified	present
diabetes-insipidus	850	unspecified	unspecified		unspecified	unspecified	present
diabetes-insipidus	987	unspecified	unspecified		unspecified	unspecified	present
diabetes-insipidus	1071	unspecified	unspecified		unspecified	unspecified	present
diabetic-ketoacidosis	84	unspecified	unspecified		unspecified	unspecified	present
diabetic-ketoacidosis	95	unspecified	unspecified		unspecified	unspecified	present
diabetic-ketoacidosis	96	unspecified	unspecified		unspecified	unspecified	present
diabetic-ketoacidosis	165	unspecified	unspecified		unspecified	unspecified	present
diabetic-ketoacidosis	323	unspecified	unspecified		unspecified	unspecified	present
diabetic-ketoacidosis	431	unspecified	unspecified		unspecified	unspecified	present
diabetic-ketoacidosis	432	unspecified	unspecified		unspecified	unspecified	present
diabetic-ketoacidosis	585	unspecified	unspecified		unspecified	unspecified	present
diabetic-ketoacidosis	1053	unspecified	unspecified		unspecified	unspecified	present
diabetic-retinopathy	84	unspecified	unspecified		unspecified	unspecified	present
diabetic-retinopathy	342	unspecified	unspecified		unspecified	unspecified	present
diabetic-retinopathy	346	unspecified	unspecified		unspecified	unspecified	present
diabetic-retinopathy	715	unspecified	unspecified		unspecified	unspecified	present
diabetic-retinopathy	1046	unspecified	unspecified		unspecified	unspecified	present
digeorge-syndrome	206	unspecified	unspecified		unspecified	unspecified	present
digeorge-syndrome	329	unspecified	unspecified		unspecified	unspecified	present
digeorge-syndrome	405	unspecified	unspecified		unspecified	unspecified	present
digeorge-syndrome	434	unspecified	unspecified		unspecified	unspecified	present
digeorge-syndrome	797	unspecified	unspecified		unspecified	unspecified	present
digeorge-syndrome	818	unspecified	unspecified		unspecified	unspecified	present
digeorge-syndrome	887	unspecified	unspecified		unspecified	unspecified	present
digeorge-syndrome	1005	unspecified	unspecified		unspecified	unspecified	present
diphtheria	64	unspecified	unspecified		unspecified	unspecified	present
diphtheria	149	unspecified	unspecified		unspecified	unspecified	present
diphtheria	150	unspecified	unspecified		unspecified	unspecified	present
diphtheria	215	unspecified	unspecified		unspecified	unspecified	present
diphtheria	241	unspecified	unspecified		unspecified	unspecified	present
diphtheria	334	unspecified	unspecified		unspecified	unspecified	present
diphtheria	868	unspecified	unspecified		unspecified	unspecified	present
diphtheria	956	unspecified	unspecified		unspecified	unspecified	present
diphtheria	1012	unspecified	unspecified		unspecified	unspecified	present
diverticular-disease-and-diverticulitis	76	unspecified	unspecified		unspecified	unspecified	present
diverticular-disease-and-diverticulitis	78	unspecified	unspecified		unspecified	unspecified	present
diverticular-disease-and-diverticulitis	180	unspecified	unspecified		unspecified	unspecified	present
diverticular-disease-and-diverticulitis	417	unspecified	unspecified		unspecified	unspecified	present
diverticular-disease-and-diverticulitis	556	unspecified	unspecified		unspecified	unspecified	present
diverticular-disease-and-diverticulitis	655	unspecified	unspecified		unspecified	unspecified	present
dysarthria	214	unspecified	unspecified		unspecified	unspecified	present
dysarthria	226	unspecified	unspecified		unspecified	unspecified	present
dysarthria	227	unspecified	unspecified		unspecified	unspecified	present
dysarthria	232	unspecified	unspecified		unspecified	unspecified	present
dysarthria	413	unspecified	unspecified		unspecified	unspecified	present
dysarthria	855	unspecified	unspecified		unspecified	unspecified	present
dysarthria	885	unspecified	unspecified		unspecified	unspecified	present
dysarthria	1051	unspecified	unspecified		unspecified	unspecified	present
dystonia	62	unspecified	unspecified		unspecified	unspecified	present
dystonia	179	unspecified	unspecified		unspecified	unspecified	present
dystonia	214	unspecified	unspecified		unspecified	unspecified	present
dystonia	568	unspecified	unspecified		unspecified	unspecified	present
dystonia	718	unspecified	unspecified		unspecified	unspecified	present
dystonia	909	unspecified	unspecified		unspecified	unspecified	present
ear-infections	29	unspecified	unspecified		unspecified	unspecified	present
ear-infections	247	unspecified	unspecified		unspecified	unspecified	present
ear-infections	286	unspecified	unspecified		unspecified	unspecified	present
ear-infections	287	unspecified	unspecified		unspecified	unspecified	present
ear-infections	311	unspecified	unspecified		unspecified	unspecified	present
ear-infections	404	unspecified	unspecified		unspecified	unspecified	present
ear-infections	417	unspecified	unspecified		unspecified	unspecified	present
ear-infections	441	unspecified	unspecified		unspecified	unspecified	present
ear-infections	448	unspecified	unspecified		unspecified	unspecified	present
ear-infections	503	unspecified	unspecified		unspecified	unspecified	present
ear-infections	727	unspecified	unspecified		unspecified	unspecified	present
ear-infections	741	unspecified	unspecified		unspecified	unspecified	absent
ear-infections	780	unspecified	unspecified		unspecified	unspecified	present
ebola	52	unspecified	unspecified		unspecified	unspecified	present
ebola	78	unspecified	unspecified		unspecified	unspecified	present
ebola	80	unspecified	unspecified		unspecified	unspecified	present
ebola	108	unspecified	unspecified		unspecified	unspecified	present
ebola	211	unspecified	unspecified		unspecified	unspecified	present
ebola	350	unspecified	unspecified		unspecified	unspecified	present
ebola	459	unspecified	unspecified		unspecified	unspecified	present
ebola	463	unspecified	unspecified		unspecified	unspecified	present
ebola	466	unspecified	unspecified		unspecified	unspecified	present
ebola	559	unspecified	unspecified		unspecified	unspecified	present
ebola	868	unspecified	unspecified		unspecified	unspecified	present
ebola	1053	unspecified	unspecified		unspecified	unspecified	present
ectopic-pregnancy	59	unspecified	unspecified		unspecified	unspecified	present
ectopic-pregnancy	350	unspecified	unspecified		unspecified	unspecified	present
ectopic-pregnancy	532	unspecified	unspecified		unspecified	unspecified	present
ectopic-pregnancy	614	unspecified	unspecified		unspecified	unspecified	present
ectopic-pregnancy	646	unspecified	unspecified		unspecified	unspecified	present
ectopic-pregnancy	665	unspecified	unspecified		unspecified	unspecified	present
ectropion	268	unspecified	unspecified		unspecified	unspecified	present
ectropion	272	unspecified	unspecified		unspecified	unspecified	present
ectropion	759	unspecified	unspecified		unspecified	unspecified	present
ectropion	760	unspecified	unspecified		unspecified	unspecified	present
ectropion	873	unspecified	unspecified		unspecified	unspecified	present
ectropion	874	unspecified	unspecified		unspecified	unspecified	present
ectropion	1063	unspecified	unspecified		unspecified	unspecified	present
edwards-syndrome	99	unspecified	unspecified		unspecified	unspecified	present
edwards-syndrome	141	unspecified	unspecified		unspecified	unspecified	present
edwards-syndrome	142	unspecified	unspecified		unspecified	unspecified	present
edwards-syndrome	244	unspecified	unspecified		unspecified	unspecified	present
edwards-syndrome	610	unspecified	unspecified		unspecified	unspecified	present
ehlers-danlos-syndromes	360	unspecified	unspecified		unspecified	unspecified	present
ehlers-danlos-syndromes	469	unspecified	unspecified		unspecified	unspecified	present
ehlers-danlos-syndromes	920	unspecified	unspecified		unspecified	unspecified	present
encephalitis	165	unspecified	unspecified		unspecified	unspecified	present
encephalitis	256	unspecified	unspecified		unspecified	unspecified	present
encephalitis	537	unspecified	unspecified		unspecified	unspecified	present
encephalitis	571	unspecified	unspecified		unspecified	unspecified	present
encephalitis	696	unspecified	unspecified		unspecified	unspecified	present
encephalitis	797	unspecified	unspecified		unspecified	unspecified	present
encephalitis	855	unspecified	unspecified		unspecified	unspecified	present
endocarditis	29	unspecified	unspecified		unspecified	unspecified	present
endocarditis	100	unspecified	unspecified		unspecified	unspecified	present
endocarditis	200	unspecified	unspecified		unspecified	unspecified	present
endocarditis	323	unspecified	unspecified		unspecified	unspecified	present
endocarditis	417	unspecified	unspecified		unspecified	unspecified	present
endocarditis	466	unspecified	unspecified		unspecified	unspecified	present
endocarditis	559	unspecified	unspecified		unspecified	unspecified	present
endocarditis	589	unspecified	unspecified		unspecified	unspecified	present
endocarditis	621	unspecified	unspecified		unspecified	unspecified	present
endocarditis	662	unspecified	unspecified		unspecified	unspecified	present
endocarditis	840	unspecified	unspecified		unspecified	unspecified	present
endometriosis	134	unspecified	unspecified		unspecified	unspecified	present
endometriosis	174	unspecified	unspecified		unspecified	unspecified	present
endometriosis	323	unspecified	unspecified		unspecified	unspecified	present
endometriosis	412	unspecified	unspecified		unspecified	unspecified	present
endometriosis	510	unspecified	unspecified		unspecified	unspecified	present
endometriosis	613	unspecified	unspecified		unspecified	unspecified	present
endometriosis	614	unspecified	unspecified		unspecified	unspecified	present
endometriosis	665	unspecified	unspecified		unspecified	unspecified	present
endometriosis	692	unspecified	unspecified		severe	unspecified	present
enlarged-prostate	242	unspecified	unspecified		unspecified	unspecified	present
enlarged-prostate	684	unspecified	unspecified		unspecified	unspecified	present
enlarged-prostate	1034	unspecified	unspecified		unspecified	unspecified	present
enlarged-prostate	1036	unspecified	unspecified		unspecified	unspecified	present
epidermolysis-bullosa	68	unspecified	unspecified		unspecified	unspecified	present
epidermolysis-bullosa	582	unspecified	unspecified		unspecified	unspecified	present
epidermolysis-bullosa	819	unspecified	unspecified		unspecified	unspecified	present
epidermolysis-bullosa	841	unspecified	unspecified		unspecified	unspecified	present
epidermolysis-bullosa	984	unspecified	unspecified		unspecified	unspecified	present
epididymitis	688	unspecified	unspecified		unspecified	unspecified	present
epididymitis	958	unspecified	unspecified		unspecified	unspecified	present
epididymitis	981	unspecified	unspecified		unspecified	unspecified	present
epididymitis	982	unspecified	unspecified		unspecified	unspecified	present
epididymitis	983	unspecified	unspecified		unspecified	unspecified	present
epiglottitis	97	unspecified	unspecified		unspecified	unspecified	present
epiglottitis	192	unspecified	unspecified		unspecified	unspecified	present
epiglottitis	215	unspecified	unspecified		unspecified	unspecified	present
epiglottitis	241	unspecified	unspecified		unspecified	unspecified	present
epiglottitis	417	unspecified	unspecified		unspecified	unspecified	present
epiglottitis	419	unspecified	unspecified		unspecified	unspecified	present
epiglottitis	441	unspecified	unspecified		unspecified	unspecified	present
epiglottitis	596	unspecified	unspecified		unspecified	unspecified	present
epiglottitis	613	unspecified	unspecified		unspecified	unspecified	present
epiglottitis	780	unspecified	unspecified		unspecified	unspecified	present
epiglottitis	868	unspecified	unspecified		unspecified	unspecified	present
epilepsy	320	seconds_to_minutes	unspecified		unspecified	unspecified	present
epilepsy	328	unspecified	unspecified		unspecified	unspecified	present
epilepsy	348	unspecified	unspecified		unspecified	unspecified	present
epilepsy	464	unspecified	unspecified		unspecified	unspecified	present
epilepsy	565	unspecified	unspecified		unspecified	unspecified	present
epilepsy	797	unspecified	unspecified		unspecified	unspecified	present
epilepsy	798	unspecified	unspecified		unspecified	unspecified	present
epilepsy	805	unspecified	unspecified		unspecified	unspecified	present
epilepsy	1024	unspecified	unspecified		unspecified	unspecified	present
epilepsy	1034	unspecified	unspecified		unspecified	unspecified	present
erythema-multiforme	70	unspecified	unspecified		unspecified	unspecified	present
erythema-multiforme	86	unspecified	unspecified		unspecified	unspecified	present
erythema-multiforme	88	unspecified	unspecified		unspecified	unspecified	present
erythema-multiforme	315	unspecified	unspecified		unspecified	unspecified	present
erythema-multiforme	371	unspecified	unspecified		unspecified	unspecified	present
erythema-multiforme	417	unspecified	unspecified		unspecified	unspecified	present
erythema-multiforme	466	unspecified	unspecified		unspecified	unspecified	present
erythema-multiforme	542	unspecified	unspecified		unspecified	unspecified	present
erythema-multiforme	559	unspecified	unspecified		unspecified	unspecified	present
erythema-multiforme	613	unspecified	unspecified		unspecified	unspecified	present
erythema-multiforme	824	unspecified	unspecified		unspecified	unspecified	present
erythema-multiforme	838	unspecified	unspecified		unspecified	unspecified	present
erythema-multiforme	839	unspecified	unspecified		unspecified	unspecified	present
erythema-multiforme	993	unspecified	unspecified		unspecified	unspecified	present
erythema-multiforme	1073	unspecified	unspecified		unspecified	unspecified	present
erythema-nodosum	350	unspecified	unspecified		unspecified	unspecified	present
erythema-nodosum	371	unspecified	unspecified		unspecified	unspecified	present
erythema-nodosum	417	unspecified	unspecified		unspecified	unspecified	present
erythema-nodosum	470	unspecified	unspecified		unspecified	unspecified	present
erythema-nodosum	475	unspecified	unspecified		unspecified	unspecified	present
erythema-nodosum	636	unspecified	unspecified		unspecified	unspecified	present
erythema-nodosum	908	unspecified	unspecified		unspecified	unspecified	present
erythrocytosis	84	unspecified	unspecified		unspecified	unspecified	present
erythrocytosis	424	unspecified	unspecified		unspecified	unspecified	present
erythrocytosis	462	unspecified	unspecified		unspecified	unspecified	present
erythrocytosis	470	unspecified	unspecified		unspecified	unspecified	present
erythrocytosis	475	unspecified	unspecified		unspecified	unspecified	present
erythrocytosis	762	unspecified	unspecified		unspecified	unspecified	present
erythrocytosis	1007	unspecified	unspecified		unspecified	unspecified	present
erythrocytosis	1025	unspecified	unspecified		unspecified	unspecified	present
erythrocytosis	1026	unspecified	unspecified		unspecified	unspecified	present
excessive-daytime-sleepiness-hypersomnia	423	unspecified	unspecified		unspecified	unspecified	present
excessive-daytime-sleepiness-hypersomnia	438	unspecified	unspecified		unspecified	unspecified	present
excessive-daytime-sleepiness-hypersomnia	847	unspecified	unspecified		unspecified	unspecified	present
eye-cancer	84	unspecified	unspecified		unspecified	unspecified	present
eye-cancer	115	unspecified	unspecified		unspecified	unspecified	present
eye-cancer	195	unspecified	unspecified		unspecified	unspecified	present
eye-cancer	304	unspecified	unspecified		unspecified	unspecified	present
eye-cancer	516	unspecified	unspecified		unspecified	unspecified	present
eye-cancer	624	unspecified	unspecified		unspecified	unspecified	present
eye-cancer	1044	unspecified	unspecified		unspecified	unspecified	present
eye-cancer	1045	unspecified	unspecified		unspecified	unspecified	present
face-blindness	22	unspecified	unspecified		unspecified	unspecified	present
febrile-seizures	165	unspecified	unspecified		unspecified	unspecified	present
febrile-seizures	328	unspecified	unspecified		unspecified	unspecified	present
febrile-seizures	427	unspecified	unspecified		unspecified	unspecified	present
febrile-seizures	776	unspecified	unspecified		unspecified	unspecified	absent
febrile-seizures	808	unspecified	unspecified		unspecified	unspecified	present
febrile-seizures	1008	unspecified	unspecified		unspecified	unspecified	present
fibroids	168	unspecified	unspecified		unspecified	unspecified	present
fibroids	440	unspecified	unspecified		unspecified	unspecified	present
fibroids	613	unspecified	unspecified		unspecified	unspecified	present
fibroids	617	unspecified	unspecified		unspecified	unspecified	present
fibroids	1007	unspecified	unspecified		unspecified	unspecified	present
fibroids	1036	unspecified	unspecified		unspecified	unspecified	present
fibromyalgia	151	unspecified	unspecified		unspecified	unspecified	present
fibromyalgia	369	unspecified	unspecified		unspecified	unspecified	present
fibromyalgia	421	unspecified	unspecified		unspecified	unspecified	present
fibromyalgia	438	unspecified	unspecified		unspecified	unspecified	present
fibromyalgia	510	unspecified	unspecified		unspecified	unspecified	present
fibromyalgia	565	unspecified	unspecified		unspecified	unspecified	present
fibromyalgia	574	unspecified	unspecified		unspecified	unspecified	present
fibromyalgia	1081	unspecified	unspecified		unspecified	unspecified	present
flu	8	unspecified	unspecified		unspecified	unspecified	present
flu	29	unspecified	unspecified		unspecified	unspecified	present
flu	171	unspecified	unspecified		unspecified	unspecified	present
flu	298	unspecified	unspecified		unspecified	unspecified	present
flu	323	unspecified	unspecified		unspecified	unspecified	present
flu	334	seconds_to_minutes	unspecified		severe	unspecified	present
flu	399	unspecified	unspecified		unspecified	unspecified	present
flu	438	unspecified	unspecified		unspecified	unspecified	present
flu	622	unspecified	unspecified		unspecified	unspecified	present
flu	868	unspecified	unspecified		unspecified	unspecified	present
food-allergy	260	unspecified	unspecified		unspecified	unspecified	present
food-allergy	315	unspecified	unspecified		unspecified	unspecified	present
food-allergy	418	unspecified	unspecified		unspecified	unspecified	present
food-allergy	584	unspecified	unspecified		unspecified	unspecified	present
food-allergy	585	unspecified	unspecified		unspecified	unspecified	present
food-allergy	862	unspecified	unspecified		unspecified	unspecified	present
food-allergy	1007	unspecified	unspecified		unspecified	unspecified	present
food-allergy	1053	unspecified	unspecified		unspecified	unspecified	present
food-intolerance	1007	unspecified	unspecified		unspecified	unspecified	present
food-poisoning	371	unspecified	unspecified		unspecified	unspecified	present
food-poisoning	417	unspecified	unspecified		unspecified	unspecified	present
food-poisoning	585	unspecified	unspecified		unspecified	unspecified	present
food-poisoning	1007	unspecified	unspecified		unspecified	unspecified	present
food-poisoning	1053	unspecified	unspecified		unspecified	unspecified	present
frontotemporal-dementia	45	unspecified	unspecified		unspecified	unspecified	present
frontotemporal-dementia	528	unspecified	unspecified		unspecified	unspecified	present
frontotemporal-dementia	695	unspecified	unspecified		unspecified	unspecified	present
frostbite	51	unspecified	unspecified		unspecified	unspecified	present
frostbite	121	unspecified	unspecified		unspecified	unspecified	present
frostbite	157	unspecified	unspecified		unspecified	unspecified	present
frostbite	252	unspecified	unspecified		unspecified	unspecified	present
frostbite	337	unspecified	unspecified		unspecified	unspecified	present
frostbite	351	unspecified	unspecified		unspecified	unspecified	present
frostbite	396	unspecified	unspecified		unspecified	unspecified	present
frostbite	605	unspecified	unspecified		unspecified	unspecified	present
frostbite	819	unspecified	unspecified		unspecified	unspecified	present
frostbite	943	unspecified	unspecified		unspecified	unspecified	present
frostbite	990	unspecified	unspecified		unspecified	unspecified	present
frozen-shoulder	908	unspecified	unspecified		unspecified	unspecified	present
frozen-shoulder	910	unspecified	unspecified		unspecified	unspecified	present
gallbladder-cancer	29	unspecified	unspecified		unspecified	unspecified	present
gallbladder-cancer	72	unspecified	unspecified		unspecified	unspecified	present
gallbladder-cancer	417	unspecified	unspecified		unspecified	unspecified	present
gallbladder-cancer	463	unspecified	unspecified		unspecified	unspecified	present
gallbladder-cancer	520	unspecified	unspecified		unspecified	unspecified	present
gallbladder-cancer	585	unspecified	unspecified		unspecified	unspecified	present
gallbladder-cancer	614	unspecified	unspecified		unspecified	unspecified	present
gallbladder-cancer	1053	unspecified	unspecified		unspecified	unspecified	present
gallstones	614	unspecified	unspecified		unspecified	unspecified	present
gallstones	655	unspecified	unspecified		unspecified	unspecified	present
gallstones	912	unspecified	unspecified		unspecified	unspecified	present
gangrene	63	unspecified	unspecified		unspecified	unspecified	present
gangrene	605	unspecified	unspecified		unspecified	unspecified	present
gangrene	613	unspecified	unspecified		unspecified	unspecified	present
gangrene	827	unspecified	unspecified		unspecified	unspecified	present
gangrene	828	unspecified	unspecified		unspecified	unspecified	present
gangrene	864	unspecified	unspecified		unspecified	unspecified	present
gangrene	943	unspecified	unspecified		unspecified	unspecified	present
gastritis	29	unspecified	unspecified		unspecified	unspecified	present
gastritis	72	unspecified	unspecified		unspecified	unspecified	present
gastritis	433	unspecified	unspecified		unspecified	unspecified	present
gastritis	585	unspecified	unspecified		unspecified	unspecified	present
gastritis	1007	unspecified	unspecified		unspecified	unspecified	present
gastritis	1053	unspecified	unspecified		unspecified	unspecified	present
gastroparesis	585	unspecified	unspecified		unspecified	unspecified	present
gastroparesis	788	unspecified	unspecified		unspecified	unspecified	present
gastroparesis	1007	unspecified	unspecified		unspecified	unspecified	present
gastroparesis	1053	unspecified	unspecified		unspecified	unspecified	present
gastroparesis	1071	unspecified	unspecified		unspecified	unspecified	present
genital-warts	512	unspecified	unspecified		unspecified	unspecified	present
genital-warts	519	unspecified	unspecified		unspecified	unspecified	present
genital-warts	613	unspecified	unspecified		unspecified	unspecified	present
genital-warts	1036	unspecified	unspecified		unspecified	unspecified	present
genital-warts	1061	unspecified	unspecified		unspecified	unspecified	present
gestational-diabetes	84	unspecified	unspecified		unspecified	unspecified	present
gestational-diabetes	277	unspecified	unspecified		unspecified	unspecified	present
gestational-diabetes	431	unspecified	unspecified		unspecified	unspecified	present
gestational-diabetes	453	unspecified	unspecified		unspecified	unspecified	present
gestational-diabetes	1036	unspecified	unspecified		unspecified	unspecified	present
giardiasis	125	unspecified	unspecified		unspecified	unspecified	present
giardiasis	345	unspecified	unspecified		unspecified	unspecified	present
giardiasis	614	unspecified	unspecified		unspecified	unspecified	present
giardiasis	859	unspecified	unspecified		unspecified	unspecified	present
giardiasis	1071	unspecified	unspecified		unspecified	unspecified	present
gilberts-syndrome	463	unspecified	unspecified		unspecified	unspecified	present
glandular-fever	417	unspecified	unspecified		unspecified	unspecified	present
glandular-fever	868	unspecified	unspecified		unspecified	unspecified	present
glandular-fever	956	unspecified	unspecified		unspecified	unspecified	present
glaucoma	84	unspecified	unspecified		unspecified	unspecified	present
glaucoma	394	unspecified	unspecified		unspecified	unspecified	present
glaucoma	399	unspecified	unspecified		unspecified	unspecified	present
glaucoma	585	unspecified	unspecified		unspecified	unspecified	present
glaucoma	624	unspecified	unspecified		unspecified	unspecified	present
glaucoma	768	unspecified	unspecified		unspecified	unspecified	present
glaucoma	973	unspecified	unspecified		unspecified	unspecified	present
glaucoma	1053	unspecified	unspecified		unspecified	unspecified	present
glomerulonephritis	29	unspecified	unspecified		unspecified	unspecified	present
glomerulonephritis	79	unspecified	unspecified		unspecified	unspecified	present
glomerulonephritis	201	unspecified	unspecified		unspecified	unspecified	present
glomerulonephritis	368	unspecified	unspecified		unspecified	unspecified	present
glomerulonephritis	417	unspecified	unspecified		unspecified	unspecified	present
glomerulonephritis	424	unspecified	unspecified		unspecified	unspecified	present
glomerulonephritis	463	unspecified	unspecified		unspecified	unspecified	present
glomerulonephritis	470	unspecified	unspecified		unspecified	unspecified	present
glomerulonephritis	475	unspecified	unspecified		unspecified	unspecified	present
glomerulonephritis	492	unspecified	unspecified		unspecified	unspecified	present
glomerulonephritis	940	unspecified	unspecified		unspecified	unspecified	present
glomerulonephritis	1007	unspecified	unspecified		unspecified	unspecified	present
glue-ear	287	unspecified	unspecified		unspecified	unspecified	present
glue-ear	288	unspecified	unspecified		unspecified	unspecified	present
glue-ear	404	unspecified	unspecified		unspecified	unspecified	present
glue-ear	622	unspecified	unspecified		unspecified	unspecified	present
glue-ear	721	unspecified	unspecified		unspecified	unspecified	present
glue-ear	868	unspecified	unspecified		unspecified	unspecified	present
glue-ear	997	unspecified	unspecified		unspecified	unspecified	present
goitre	171	unspecified	unspecified		unspecified	unspecified	present
goitre	215	unspecified	unspecified		unspecified	unspecified	present
goitre	241	unspecified	unspecified		unspecified	unspecified	present
goitre	419	unspecified	unspecified		unspecified	unspecified	present
goitre	444	unspecified	unspecified		unspecified	unspecified	present
goitre	942	unspecified	unspecified		unspecified	unspecified	present
goitre	1073	unspecified	unspecified		unspecified	unspecified	present
gonorrhoea	52	unspecified	unspecified		unspecified	unspecified	present
gonorrhoea	614	unspecified	unspecified		unspecified	unspecified	present
gonorrhoea	651	unspecified	unspecified		unspecified	unspecified	present
gonorrhoea	665	unspecified	unspecified		unspecified	unspecified	present
gonorrhoea	687	unspecified	unspecified		unspecified	unspecified	present
gonorrhoea	945	unspecified	unspecified		unspecified	unspecified	present
gonorrhoea	1039	unspecified	unspecified		unspecified	unspecified	present
gout	636	seconds_to_minutes	unspecified		severe	unspecified	present
gout	763	unspecified	unspecified		unspecified	unspecified	present
gout	959	unspecified	unspecified		unspecified	unspecified	present
granuloma-annulare	679	unspecified	unspecified		unspecified	unspecified	present
granuloma-annulare	699	unspecified	unspecified		unspecified	unspecified	present
granuloma-annulare	824	unspecified	unspecified		unspecified	unspecified	present
granuloma-annulare	836	unspecified	unspecified		unspecified	unspecified	present
granulomatosis-with-polyangiitis	29	unspecified	unspecified		unspecified	unspecified	present
granulomatosis-with-polyangiitis	171	unspecified	unspecified		unspecified	unspecified	present
granulomatosis-with-polyangiitis	211	unspecified	unspecified		unspecified	unspecified	present
granulomatosis-with-polyangiitis	323	unspecified	unspecified		unspecified	unspecified	present
granulomatosis-with-polyangiitis	417	unspecified	unspecified		unspecified	unspecified	present
granulomatosis-with-polyangiitis	424	unspecified	unspecified		unspecified	unspecified	present
granulomatosis-with-polyangiitis	470	unspecified	unspecified		unspecified	unspecified	present
granulomatosis-with-polyangiitis	475	unspecified	unspecified		unspecified	unspecified	present
granulomatosis-with-polyangiitis	589	unspecified	unspecified		unspecified	unspecified	present
granulomatosis-with-polyangiitis	655	unspecified	unspecified		unspecified	unspecified	present
granulomatosis-with-polyangiitis	738	unspecified	unspecified		unspecified	unspecified	present
granulomatosis-with-polyangiitis	889	unspecified	unspecified		unspecified	unspecified	present
granulomatosis-with-polyangiitis	1009	unspecified	unspecified		unspecified	unspecified	present
granulomatosis-with-polyangiitis	1047	unspecified	unspecified		unspecified	unspecified	present
granulomatosis-with-polyangiitis	1066	unspecified	unspecified		unspecified	unspecified	present
granulomatosis-with-polyangiitis	1071	unspecified	unspecified		unspecified	unspecified	present
growing-pains	636	unspecified	unspecified		unspecified	unspecified	present
growing-pains	638	unspecified	unspecified		unspecified	unspecified	present
growing-pains	643	unspecified	unspecified		unspecified	unspecified	present
growing-pains	939	unspecified	unspecified		unspecified	unspecified	present
guillain-barre-syndrome	267	unspecified	unspecified		unspecified	unspecified	present
guillain-barre-syndrome	547	unspecified	unspecified		unspecified	unspecified	present
guillain-barre-syndrome	613	unspecified	unspecified		unspecified	unspecified	present
guillain-barre-syndrome	677	unspecified	unspecified		unspecified	unspecified	present
guillain-barre-syndrome	1044	unspecified	unspecified		unspecified	unspecified	present
gum-disease	37	unspecified	unspecified		unspecified	unspecified	present
gum-disease	38	unspecified	unspecified		unspecified	unspecified	present
gum-disease	56	unspecified	unspecified		unspecified	unspecified	present
gum-disease	502	unspecified	unspecified		unspecified	unspecified	present
gum-disease	742	unspecified	unspecified		unspecified	unspecified	present
gum-disease	935	unspecified	unspecified		unspecified	unspecified	present
gynaecomastia	94	unspecified	unspecified		unspecified	unspecified	present
gynaecomastia	872	unspecified	unspecified		unspecified	unspecified	present
gynaecomastia	930	unspecified	unspecified		unspecified	unspecified	present
haemochromatosis	93	unspecified	unspecified		unspecified	unspecified	present
haemochromatosis	293	unspecified	unspecified		unspecified	unspecified	present
haemochromatosis	323	unspecified	unspecified		unspecified	unspecified	present
haemochromatosis	440	unspecified	unspecified		unspecified	unspecified	present
haemochromatosis	470	unspecified	unspecified		unspecified	unspecified	present
haemochromatosis	475	unspecified	unspecified		unspecified	unspecified	present
haemochromatosis	1071	unspecified	unspecified		unspecified	unspecified	present
haemophilia	52	unspecified	unspecified		unspecified	unspecified	present
haemophilia	108	unspecified	unspecified		unspecified	unspecified	present
haemophilia	636	unspecified	unspecified		unspecified	unspecified	present
haemophilia	908	unspecified	unspecified		unspecified	unspecified	present
hamstring-injury	225	unspecified	unspecified		unspecified	unspecified	present
hamstring-injury	630	unspecified	unspecified		unspecified	unspecified	present
hamstring-injury	717	unspecified	unspecified		unspecified	unspecified	present
hamstring-injury	978	unspecified	unspecified		unspecified	unspecified	present
hand-foot-mouth-disease	29	unspecified	unspecified		unspecified	unspecified	present
hand-foot-mouth-disease	64	unspecified	unspecified		unspecified	unspecified	present
hand-foot-mouth-disease	417	unspecified	unspecified		unspecified	unspecified	present
hand-foot-mouth-disease	735	unspecified	unspecified		unspecified	unspecified	present
hand-foot-mouth-disease	838	unspecified	unspecified		unspecified	unspecified	present
hand-foot-mouth-disease	868	unspecified	unspecified		unspecified	unspecified	present
hand-foot-mouth-disease	1011	unspecified	unspecified		unspecified	unspecified	present
head-injury-and-concussion	47	unspecified	unspecified		unspecified	unspecified	present
head-injury-and-concussion	49	unspecified	unspecified		unspecified	unspecified	present
head-injury-and-concussion	55	unspecified	unspecified		unspecified	unspecified	present
head-injury-and-concussion	109	unspecified	unspecified		unspecified	unspecified	present
head-injury-and-concussion	247	unspecified	unspecified		unspecified	unspecified	present
head-injury-and-concussion	260	unspecified	unspecified		unspecified	unspecified	present
head-injury-and-concussion	297	unspecified	unspecified		unspecified	unspecified	present
head-injury-and-concussion	506	unspecified	unspecified		unspecified	unspecified	present
head-injury-and-concussion	507	unspecified	unspecified		unspecified	unspecified	present
head-injury-and-concussion	585	unspecified	unspecified		unspecified	unspecified	present
head-injury-and-concussion	600	unspecified	unspecified		unspecified	unspecified	present
head-injury-and-concussion	797	unspecified	unspecified		unspecified	unspecified	present
head-injury-and-concussion	1053	unspecified	unspecified		unspecified	unspecified	present
head-injury-and-concussion	1066	unspecified	unspecified		unspecified	unspecified	present
hearing-loss	223	unspecified	unspecified		unspecified	unspecified	present
hearing-loss	231	unspecified	unspecified		unspecified	unspecified	present
hearing-loss	404	unspecified	unspecified		unspecified	unspecified	present
heart-attack	192	unspecified	unspecified		unspecified	unspecified	present
heart-attack	433	unspecified	unspecified		unspecified	unspecified	present
heart-attack	585	unspecified	unspecified		unspecified	unspecified	present
heart-attack	621	unspecified	unspecified		unspecified	unspecified	present
heart-attack	1053	unspecified	unspecified		unspecified	unspecified	present
heart-block	318	unspecified	unspecified		unspecified	unspecified	present
heart-block	496	unspecified	unspecified		unspecified	unspecified	present
heart-block	621	unspecified	unspecified		unspecified	unspecified	present
heart-failure	71	unspecified	unspecified		unspecified	unspecified	present
heart-failure	100	unspecified	unspecified		unspecified	unspecified	present
heart-failure	171	unspecified	unspecified		unspecified	unspecified	present
heart-failure	260	unspecified	unspecified		unspecified	unspecified	present
heart-failure	323	unspecified	unspecified		unspecified	unspecified	present
heart-failure	496	unspecified	unspecified		unspecified	unspecified	present
heart-failure	608	unspecified	unspecified		unspecified	unspecified	present
heart-failure	704	unspecified	unspecified		unspecified	unspecified	present
heart-failure	1070	unspecified	unspecified		unspecified	unspecified	present
heart-valve-disease	260	unspecified	unspecified		unspecified	unspecified	present
heart-valve-disease	323	unspecified	unspecified		unspecified	unspecified	present
heart-valve-disease	406	unspecified	unspecified		unspecified	unspecified	present
heart-valve-disease	621	unspecified	unspecified		unspecified	unspecified	present
heart-valve-disease	638	unspecified	unspecified		unspecified	unspecified	present
heart-valve-disease	676	unspecified	unspecified		unspecified	unspecified	present
heart-valve-disease	939	unspecified	unspecified		unspecified	unspecified	present
heartburn-and-acid-reflux	37	unspecified	unspecified		unspecified	unspecified	present
heartburn-and-acid-reflux	38	unspecified	unspecified		unspecified	unspecified	present
heartburn-and-acid-reflux	72	unspecified	unspecified		unspecified	unspecified	present
heartburn-and-acid-reflux	171	unspecified	unspecified		unspecified	unspecified	present
heartburn-and-acid-reflux	409	unspecified	unspecified		unspecified	unspecified	present
heartburn-and-acid-reflux	414	unspecified	unspecified		unspecified	unspecified	present
heartburn-and-acid-reflux	419	unspecified	unspecified		unspecified	unspecified	present
heartburn-and-acid-reflux	883	unspecified	unspecified		unspecified	unspecified	present
heat-exhaustion-heatstroke	165	unspecified	unspecified		unspecified	unspecified	present
heat-exhaustion-heatstroke	179	unspecified	unspecified		unspecified	unspecified	present
heat-exhaustion-heatstroke	256	unspecified	unspecified		unspecified	unspecified	present
heat-exhaustion-heatstroke	322	unspecified	unspecified		unspecified	unspecified	present
heat-exhaustion-heatstroke	408	unspecified	unspecified		unspecified	unspecified	present
heat-exhaustion-heatstroke	417	unspecified	unspecified		unspecified	unspecified	present
heat-exhaustion-heatstroke	420	unspecified	unspecified		unspecified	unspecified	present
heat-exhaustion-heatstroke	431	unspecified	unspecified		unspecified	unspecified	present
heat-exhaustion-heatstroke	441	unspecified	unspecified		unspecified	unspecified	present
heat-exhaustion-heatstroke	480	unspecified	unspecified		unspecified	unspecified	present
heat-exhaustion-heatstroke	585	unspecified	unspecified		unspecified	unspecified	present
heat-exhaustion-heatstroke	797	unspecified	unspecified		unspecified	unspecified	present
heat-exhaustion-heatstroke	925	unspecified	unspecified		unspecified	unspecified	present
heat-exhaustion-heatstroke	1053	unspecified	unspecified		unspecified	unspecified	present
heat-rash-prickly-heat	456	unspecified	unspecified		unspecified	unspecified	present
heat-rash-prickly-heat	757	unspecified	unspecified		unspecified	unspecified	present
heat-rash-prickly-heat	826	unspecified	unspecified		unspecified	unspecified	present
heat-rash-prickly-heat	840	unspecified	unspecified		unspecified	unspecified	present
heat-rash-prickly-heat	926	unspecified	unspecified		mild	unspecified	present
henoch-schonlein-purpura-hsp	738	unspecified	unspecified		unspecified	unspecified	present
henoch-schonlein-purpura-hsp	890	unspecified	unspecified		unspecified	unspecified	present
hepatitis	29	unspecified	unspecified		unspecified	unspecified	present
hepatitis	196	unspecified	unspecified		unspecified	unspecified	present
hepatitis	323	unspecified	unspecified		unspecified	unspecified	present
hepatitis	350	unspecified	unspecified		unspecified	unspecified	present
hepatitis	417	unspecified	unspecified		unspecified	unspecified	present
hepatitis	459	unspecified	unspecified		unspecified	unspecified	present
hepatitis	463	unspecified	unspecified		unspecified	unspecified	present
hepatitis	585	unspecified	unspecified		unspecified	unspecified	present
hepatitis	656	unspecified	unspecified		unspecified	unspecified	present
hepatitis	673	unspecified	unspecified		unspecified	unspecified	present
hepatitis	1037	unspecified	unspecified		unspecified	unspecified	present
hepatitis	1053	unspecified	unspecified		unspecified	unspecified	present
hepatitis-a	128	unspecified	unspecified		unspecified	unspecified	present
hepatitis-a	196	unspecified	unspecified		unspecified	unspecified	present
hepatitis-a	350	unspecified	unspecified		unspecified	unspecified	present
hepatitis-a	417	unspecified	unspecified		unspecified	unspecified	present
hepatitis-a	418	unspecified	unspecified		unspecified	unspecified	present
hepatitis-a	463	unspecified	unspecified		unspecified	unspecified	present
hepatitis-a	585	unspecified	unspecified		unspecified	unspecified	present
hepatitis-a	614	unspecified	unspecified		unspecified	unspecified	present
hepatitis-a	673	unspecified	unspecified		unspecified	unspecified	present
hepatitis-a	1037	unspecified	unspecified		unspecified	unspecified	present
hepatitis-a	1053	unspecified	unspecified		unspecified	unspecified	present
hepatitis-b	196	unspecified	unspecified		unspecified	unspecified	present
hepatitis-b	417	unspecified	unspecified		unspecified	unspecified	present
hepatitis-b	418	unspecified	unspecified		unspecified	unspecified	present
hepatitis-b	463	unspecified	unspecified		unspecified	unspecified	present
hepatitis-b	585	unspecified	unspecified		unspecified	unspecified	present
hepatitis-b	614	unspecified	unspecified		unspecified	unspecified	present
hepatitis-b	673	unspecified	unspecified		unspecified	unspecified	present
hepatitis-b	1037	unspecified	unspecified		unspecified	unspecified	present
hepatitis-b	1053	unspecified	unspecified		unspecified	unspecified	present
hepatitis-c	25	unspecified	unspecified		unspecified	unspecified	present
hepatitis-c	29	unspecified	unspecified		unspecified	unspecified	present
hepatitis-c	323	unspecified	unspecified		unspecified	unspecified	present
hepatitis-c	417	unspecified	unspecified		unspecified	unspecified	present
hepatitis-c	459	unspecified	unspecified		unspecified	unspecified	present
hepatitis-c	463	unspecified	unspecified		unspecified	unspecified	present
hepatitis-c	528	unspecified	unspecified		unspecified	unspecified	present
hepatitis-c	585	unspecified	unspecified		unspecified	unspecified	present
hepatitis-c	918	unspecified	unspecified		unspecified	unspecified	present
hepatitis-c	1007	unspecified	unspecified		unspecified	unspecified	present
hepatitis-c	1053	unspecified	unspecified		unspecified	unspecified	present
hereditary-haemorrahagic-telangiectasia	598	unspecified	unspecified		unspecified	unspecified	present
hereditary-haemorrahagic-telangiectasia	766	unspecified	unspecified		unspecified	unspecified	present
hereditary-spastic-paraplegia	571	unspecified	unspecified		unspecified	unspecified	present
hereditary-spastic-paraplegia	909	unspecified	unspecified		unspecified	unspecified	present
herpes-simplex-eye-infections	624	unspecified	unspecified		unspecified	unspecified	present
herpes-simplex-eye-infections	738	unspecified	unspecified		unspecified	unspecified	present
herpes-simplex-eye-infections	768	unspecified	unspecified		unspecified	unspecified	present
herpes-simplex-eye-infections	802	unspecified	unspecified		unspecified	unspecified	present
herpes-simplex-eye-infections	954	unspecified	unspecified		unspecified	unspecified	present
herpes-simplex-eye-infections	1044	unspecified	unspecified		unspecified	unspecified	present
herpes-simplex-eye-infections	1063	unspecified	unspecified		unspecified	unspecified	present
herpetic-whitlow	417	unspecified	unspecified		unspecified	unspecified	present
herpetic-whitlow	758	unspecified	unspecified		unspecified	unspecified	present
herpetic-whitlow	878	unspecified	unspecified		unspecified	unspecified	present
herpetic-whitlow	955	unspecified	unspecified		unspecified	unspecified	present
herpetic-whitlow	960	unspecified	unspecified		unspecified	unspecified	present
hiatus-hernia	15	unspecified	unspecified		unspecified	unspecified	present
hiatus-hernia	37	unspecified	unspecified		unspecified	unspecified	present
hiatus-hernia	38	unspecified	unspecified		unspecified	unspecified	present
hiatus-hernia	72	unspecified	unspecified		unspecified	unspecified	present
hiatus-hernia	241	unspecified	unspecified		unspecified	unspecified	present
hiatus-hernia	409	unspecified	unspecified		unspecified	unspecified	present
hiatus-hernia	585	unspecified	unspecified		unspecified	unspecified	present
hiatus-hernia	1053	unspecified	unspecified		unspecified	unspecified	present
hidradenitis-suppurativa	262	unspecified	unspecified		unspecified	unspecified	present
hidradenitis-suppurativa	519	unspecified	unspecified		unspecified	unspecified	present
hidradenitis-suppurativa	521	unspecified	unspecified		unspecified	unspecified	present
hidradenitis-suppurativa	890	unspecified	unspecified		unspecified	unspecified	present
high-blood-pressure	84	unspecified	unspecified		unspecified	unspecified	present
high-blood-pressure	621	unspecified	unspecified		unspecified	unspecified	present
high-blood-sugar-hyperglycaemia	84	unspecified	unspecified		unspecified	unspecified	present
high-blood-sugar-hyperglycaemia	323	unspecified	unspecified		unspecified	unspecified	present
high-blood-sugar-hyperglycaemia	431	unspecified	unspecified		unspecified	unspecified	present
high-blood-sugar-hyperglycaemia	432	unspecified	unspecified		unspecified	unspecified	present
high-blood-sugar-hyperglycaemia	1071	unspecified	unspecified		unspecified	unspecified	present
hirschsprungs-disease	72	unspecified	unspecified		unspecified	unspecified	present
hirschsprungs-disease	168	unspecified	unspecified		unspecified	unspecified	present
hirschsprungs-disease	377	unspecified	unspecified		unspecified	unspecified	present
hirschsprungs-disease	912	unspecified	unspecified		unspecified	unspecified	present
hives	66	unspecified	unspecified		unspecified	unspecified	present
hives	105	unspecified	unspecified		unspecified	unspecified	present
hives	118	unspecified	unspecified		unspecified	unspecified	present
hives	181	unspecified	unspecified		unspecified	unspecified	present
hives	418	unspecified	unspecified		unspecified	unspecified	present
hives	443	unspecified	unspecified		unspecified	unspecified	present
hives	459	unspecified	unspecified		unspecified	unspecified	present
hives	489	unspecified	unspecified		unspecified	unspecified	present
hives	500	unspecified	unspecified		unspecified	unspecified	present
hives	679	unspecified	unspecified		unspecified	unspecified	present
hives	701	unspecified	unspecified		unspecified	unspecified	present
hives	702	unspecified	unspecified		unspecified	unspecified	present
hives	703	unspecified	unspecified		unspecified	unspecified	present
hives	705	unspecified	unspecified		unspecified	unspecified	present
hives	706	unspecified	unspecified		unspecified	unspecified	present
hives	710	unspecified	unspecified		unspecified	unspecified	present
hives	738	unspecified	unspecified		unspecified	unspecified	present
hives	753	unspecified	unspecified		unspecified	unspecified	present
hives	824	unspecified	unspecified		unspecified	unspecified	present
huntingtons-disease	45	unspecified	unspecified		unspecified	unspecified	present
huntingtons-disease	147	unspecified	unspecified		unspecified	unspecified	present
huntingtons-disease	164	unspecified	unspecified		unspecified	unspecified	present
huntingtons-disease	214	unspecified	unspecified		unspecified	unspecified	present
huntingtons-disease	215	unspecified	unspecified		unspecified	unspecified	present
huntingtons-disease	241	unspecified	unspecified		unspecified	unspecified	present
huntingtons-disease	528	unspecified	unspecified		unspecified	unspecified	present
huntingtons-disease	537	unspecified	unspecified		unspecified	unspecified	present
huntingtons-disease	543	unspecified	unspecified		unspecified	unspecified	present
huntingtons-disease	553	unspecified	unspecified		unspecified	unspecified	present
huntingtons-disease	695	unspecified	unspecified		unspecified	unspecified	present
huntingtons-disease	696	unspecified	unspecified		unspecified	unspecified	present
huntingtons-disease	904	unspecified	unspecified		unspecified	unspecified	present
huntingtons-disease	1071	unspecified	unspecified		unspecified	unspecified	present
hydrocephalus	84	unspecified	unspecified		unspecified	unspecified	present
hydrocephalus	544	unspecified	unspecified		unspecified	unspecified	present
hydrocephalus	1053	unspecified	unspecified		unspecified	unspecified	present
hydronephrosis	79	unspecified	unspecified		unspecified	unspecified	present
hydronephrosis	242	unspecified	unspecified		unspecified	unspecified	present
hydronephrosis	417	unspecified	unspecified		unspecified	unspecified	present
hydronephrosis	614	unspecified	unspecified		unspecified	unspecified	present
hydronephrosis	1036	unspecified	unspecified		unspecified	unspecified	present
hydronephrosis	1037	unspecified	unspecified		unspecified	unspecified	present
hyperacusis	25	unspecified	unspecified		unspecified	unspecified	present
hyperacusis	613	unspecified	unspecified		unspecified	unspecified	present
hyperacusis	800	unspecified	unspecified		unspecified	unspecified	present
hyperparathyroidism	10	unspecified	unspecified		unspecified	unspecified	present
hyperparathyroidism	29	unspecified	unspecified		unspecified	unspecified	present
hyperparathyroidism	431	unspecified	unspecified		unspecified	unspecified	present
hyperparathyroidism	432	unspecified	unspecified		unspecified	unspecified	present
hyperparathyroidism	571	unspecified	unspecified		unspecified	unspecified	present
hyperparathyroidism	585	unspecified	unspecified		unspecified	unspecified	present
hyperparathyroidism	669	unspecified	unspecified		unspecified	unspecified	present
hyperparathyroidism	1007	unspecified	unspecified		unspecified	unspecified	present
hyperparathyroidism	1053	unspecified	unspecified		unspecified	unspecified	present
hypoparathyroidism	84	unspecified	unspecified		unspecified	unspecified	present
hypoparathyroidism	179	unspecified	unspecified		unspecified	unspecified	present
hypoparathyroidism	387	unspecified	unspecified		unspecified	unspecified	present
hypoparathyroidism	408	unspecified	unspecified		unspecified	unspecified	present
hypoparathyroidism	583	unspecified	unspecified		unspecified	unspecified	present
hypoparathyroidism	797	unspecified	unspecified		unspecified	unspecified	present
hypoparathyroidism	819	unspecified	unspecified		unspecified	unspecified	present
hypoparathyroidism	909	unspecified	unspecified		unspecified	unspecified	present
hypoparathyroidism	994	unspecified	unspecified		unspecified	unspecified	present
hypoparathyroidism	1007	unspecified	unspecified		unspecified	unspecified	present
hypothermia	165	unspecified	unspecified		unspecified	unspecified	present
hypothermia	192	unspecified	unspecified		unspecified	unspecified	present
hypothermia	323	unspecified	unspecified		unspecified	unspecified	present
hypothermia	734	unspecified	unspecified		unspecified	unspecified	present
hypothermia	819	unspecified	unspecified		unspecified	unspecified	present
hypothermia	847	unspecified	unspecified		unspecified	unspecified	present
hypothermia	849	unspecified	unspecified		unspecified	unspecified	present
hypothermia	855	unspecified	unspecified		unspecified	unspecified	present
ichthyosis	236	unspecified	unspecified		unspecified	unspecified	present
ichthyosis	340	unspecified	unspecified		unspecified	unspecified	present
ichthyosis	391	unspecified	unspecified		unspecified	unspecified	present
ichthyosis	435	unspecified	unspecified		unspecified	unspecified	present
ichthyosis	772	unspecified	unspecified		unspecified	unspecified	present
ichthyosis	792	unspecified	unspecified		unspecified	unspecified	present
ichthyosis	819	unspecified	unspecified		unspecified	unspecified	present
ichthyosis	1046	unspecified	unspecified		unspecified	unspecified	present
idiopathic-pulmonary-fibrosis	29	unspecified	unspecified		unspecified	unspecified	present
idiopathic-pulmonary-fibrosis	100	unspecified	unspecified		unspecified	unspecified	present
idiopathic-pulmonary-fibrosis	146	unspecified	unspecified		unspecified	unspecified	present
idiopathic-pulmonary-fibrosis	171	unspecified	unspecified		unspecified	unspecified	present
impetigo	66	unspecified	unspecified		unspecified	unspecified	present
impetigo	69	unspecified	unspecified		unspecified	unspecified	present
impetigo	124	unspecified	unspecified		unspecified	unspecified	present
impetigo	159	unspecified	unspecified		unspecified	unspecified	present
impetigo	176	unspecified	unspecified		unspecified	unspecified	present
impetigo	187	unspecified	unspecified		unspecified	unspecified	present
impetigo	280	unspecified	unspecified		unspecified	unspecified	present
impetigo	462	unspecified	unspecified		unspecified	unspecified	present
impetigo	744	unspecified	unspecified		unspecified	unspecified	present
impetigo	765	unspecified	unspecified		unspecified	unspecified	present
impetigo	792	unspecified	unspecified		unspecified	unspecified	present
indigestion	15	unspecified	unspecified		unspecified	unspecified	present
indigestion	72	unspecified	unspecified		unspecified	unspecified	present
indigestion	126	unspecified	unspecified		unspecified	unspecified	present
indigestion	323	unspecified	unspecified		unspecified	unspecified	present
indigestion	345	unspecified	unspecified		unspecified	unspecified	present
indigestion	409	unspecified	unspecified		unspecified	unspecified	present
indigestion	433	unspecified	unspecified		unspecified	unspecified	present
indigestion	585	unspecified	unspecified		unspecified	unspecified	present
inflammatory-bowel-disease	58	unspecified	unspecified		unspecified	unspecified	present
inflammatory-bowel-disease	76	unspecified	unspecified		unspecified	unspecified	present
inflammatory-bowel-disease	211	unspecified	unspecified		unspecified	unspecified	present
inflammatory-bowel-disease	323	unspecified	unspecified		unspecified	unspecified	present
inflammatory-bowel-disease	556	unspecified	unspecified		unspecified	unspecified	present
inflammatory-bowel-disease	1007	unspecified	unspecified		unspecified	unspecified	present
inflammatory-bowel-disease	1020	unspecified	unspecified		unspecified	unspecified	present
ingrown-hairs	437	unspecified	unspecified		unspecified	unspecified	present
ingrown-hairs	521	unspecified	unspecified		unspecified	unspecified	present
ingrown-hairs	825	unspecified	unspecified		unspecified	unspecified	present
ingrown-hairs	828	unspecified	unspecified		unspecified	unspecified	present
ingrown-hairs	1004	unspecified	unspecified		unspecified	unspecified	present
ingrown-toenail	417	unspecified	unspecified		unspecified	unspecified	present
ingrown-toenail	731	unspecified	unspecified		unspecified	unspecified	present
insect-bites-and-stings	519	unspecified	unspecified		unspecified	unspecified	present
insect-bites-and-stings	613	unspecified	unspecified		unspecified	unspecified	present
insect-bites-and-stings	754	unspecified	unspecified		unspecified	unspecified	present
insect-bites-and-stings	826	unspecified	unspecified		unspecified	unspecified	present
insomnia	103	unspecified	unspecified		unspecified	unspecified	present
insomnia	202	unspecified	unspecified		unspecified	unspecified	present
insomnia	438	unspecified	unspecified		unspecified	unspecified	present
insomnia	1000	unspecified	unspecified		unspecified	unspecified	present
iron-deficiency-anaemia	241	unspecified	unspecified		unspecified	unspecified	present
iron-deficiency-anaemia	323	unspecified	unspecified		unspecified	unspecified	present
iron-deficiency-anaemia	391	unspecified	unspecified		unspecified	unspecified	present
iron-deficiency-anaemia	447	unspecified	unspecified		unspecified	unspecified	present
iron-deficiency-anaemia	577	unspecified	unspecified		unspecified	unspecified	present
iron-deficiency-anaemia	674	unspecified	unspecified		unspecified	unspecified	present
iron-deficiency-anaemia	676	unspecified	unspecified		unspecified	unspecified	present
iron-deficiency-anaemia	698	unspecified	unspecified		unspecified	unspecified	present
iron-deficiency-anaemia	777	unspecified	unspecified		unspecified	unspecified	present
iron-deficiency-anaemia	870	unspecified	unspecified		unspecified	unspecified	present
iron-deficiency-anaemia	963	unspecified	unspecified		unspecified	unspecified	present
iron-deficiency-anaemia	997	unspecified	unspecified		unspecified	unspecified	present
iron-deficiency-anaemia	1011	unspecified	unspecified		unspecified	unspecified	present
irritable-bowel-syndrome-ibs	25	unspecified	unspecified		unspecified	unspecified	present
irritable-bowel-syndrome-ibs	72	unspecified	unspecified		unspecified	unspecified	present
irritable-bowel-syndrome-ibs	168	unspecified	unspecified		unspecified	unspecified	present
irritable-bowel-syndrome-ibs	180	unspecified	unspecified		unspecified	unspecified	present
irritable-bowel-syndrome-ibs	211	unspecified	unspecified		unspecified	unspecified	present
irritable-bowel-syndrome-ibs	323	unspecified	unspecified		unspecified	unspecified	present
irritable-bowel-syndrome-ibs	345	unspecified	unspecified		unspecified	unspecified	present
irritable-bowel-syndrome-ibs	427	unspecified	unspecified		unspecified	unspecified	present
irritable-bowel-syndrome-ibs	557	unspecified	unspecified		unspecified	unspecified	present
irritable-bowel-syndrome-ibs	585	unspecified	unspecified		unspecified	unspecified	present
irritable-bowel-syndrome-ibs	686	unspecified	unspecified		unspecified	unspecified	present
irritable-bowel-syndrome-ibs	918	unspecified	unspecified		unspecified	unspecified	present
irritable-bowel-syndrome-ibs	1036	unspecified	unspecified		unspecified	unspecified	present
irritable-bowel-syndrome-ibs	1053	unspecified	unspecified		unspecified	unspecified	present
japanese-encephalitis	165	unspecified	unspecified		unspecified	unspecified	present
japanese-encephalitis	350	unspecified	unspecified		unspecified	unspecified	present
japanese-encephalitis	399	unspecified	unspecified		unspecified	unspecified	present
japanese-encephalitis	400	unspecified	unspecified		severe	unspecified	present
japanese-encephalitis	417	unspecified	unspecified		unspecified	unspecified	present
japanese-encephalitis	585	unspecified	unspecified		unspecified	unspecified	present
japanese-encephalitis	677	unspecified	unspecified		unspecified	unspecified	present
japanese-encephalitis	797	unspecified	unspecified		unspecified	unspecified	present
japanese-encephalitis	1007	unspecified	unspecified		unspecified	unspecified	present
japanese-encephalitis	1053	unspecified	unspecified		unspecified	unspecified	present
jaundice-in-babies	838	unspecified	unspecified		unspecified	unspecified	present
jaundice-in-babies	1084	unspecified	unspecified		unspecified	unspecified	present
jet-lag	164	unspecified	unspecified		unspecified	unspecified	present
jet-lag	323	unspecified	unspecified		unspecified	unspecified	present
jet-lag	433	unspecified	unspecified		unspecified	unspecified	present
jet-lag	585	unspecified	unspecified		unspecified	unspecified	present
jet-lag	844	unspecified	unspecified		unspecified	unspecified	present
jet-lag	845	unspecified	unspecified		unspecified	unspecified	present
jet-lag	847	unspecified	unspecified		unspecified	unspecified	present
kawasaki-disease	81	unspecified	unspecified		unspecified	unspecified	present
kawasaki-disease	275	unspecified	unspecified		unspecified	unspecified	present
kawasaki-disease	277	unspecified	unspecified		unspecified	unspecified	present
kawasaki-disease	334	unspecified	unspecified		unspecified	unspecified	present
kawasaki-disease	441	unspecified	unspecified		unspecified	unspecified	present
kawasaki-disease	459	unspecified	unspecified		unspecified	unspecified	present
kawasaki-disease	762	unspecified	unspecified		unspecified	unspecified	present
kawasaki-disease	780	unspecified	unspecified		unspecified	unspecified	present
kawasaki-disease	917	unspecified	unspecified		unspecified	unspecified	present
kawasaki-disease	956	unspecified	unspecified		unspecified	unspecified	present
keloid-scars	462	unspecified	unspecified		unspecified	unspecified	present
keloid-scars	663	unspecified	unspecified		unspecified	unspecified	present
keloid-scars	908	unspecified	unspecified		unspecified	unspecified	present
keratosis-pilaris	462	unspecified	unspecified		unspecified	unspecified	present
keratosis-pilaris	824	unspecified	unspecified		unspecified	unspecified	present
kidney-cancer	29	unspecified	unspecified		unspecified	unspecified	present
kidney-cancer	79	unspecified	unspecified		unspecified	unspecified	present
kidney-cancer	323	unspecified	unspecified		unspecified	unspecified	present
kidney-cancer	417	unspecified	unspecified		unspecified	unspecified	present
kidney-cancer	512	unspecified	unspecified		unspecified	unspecified	present
kidney-cancer	625	unspecified	unspecified		unspecified	unspecified	present
kidney-cancer	925	unspecified	unspecified		unspecified	unspecified	present
kidney-cancer	926	unspecified	unspecified		unspecified	unspecified	present
kidney-disease	71	unspecified	unspecified		unspecified	unspecified	present
kidney-disease	79	unspecified	unspecified		unspecified	unspecified	present
kidney-disease	323	unspecified	unspecified		unspecified	unspecified	present
kidney-disease	585	unspecified	unspecified		unspecified	unspecified	present
kidney-disease	608	unspecified	unspecified		unspecified	unspecified	present
kidney-infection	42	unspecified	unspecified		unspecified	unspecified	present
kidney-infection	269	unspecified	unspecified		unspecified	unspecified	present
kidney-infection	371	unspecified	unspecified		unspecified	unspecified	present
kidney-infection	417	unspecified	unspecified		unspecified	unspecified	present
kidney-infection	585	unspecified	unspecified		unspecified	unspecified	present
kidney-infection	641	unspecified	unspecified		unspecified	unspecified	present
kidney-infection	1036	unspecified	unspecified		unspecified	unspecified	present
kidney-infection	1037	unspecified	unspecified		unspecified	unspecified	present
kidney-infection	1053	unspecified	unspecified		unspecified	unspecified	present
kidney-stones	585	unspecified	unspecified		unspecified	unspecified	present
kidney-stones	613	unspecified	unspecified		severe	unspecified	present
kidney-stones	614	unspecified	unspecified		unspecified	unspecified	present
kidney-stones	1053	unspecified	unspecified		unspecified	unspecified	present
klinefelters-syndrome	436	unspecified	unspecified		unspecified	unspecified	present
knock-knees	637	unspecified	unspecified		unspecified	unspecified	present
kyphosis	36	unspecified	unspecified		unspecified	unspecified	present
kyphosis	191	unspecified	unspecified		unspecified	unspecified	present
kyphosis	783	unspecified	unspecified		unspecified	unspecified	present
kyphosis	905	unspecified	unspecified		unspecified	unspecified	present
labyrinthitis	260	unspecified	unspecified		unspecified	unspecified	present
labyrinthitis	404	unspecified	unspecified		unspecified	unspecified	present
labyrinthitis	503	unspecified	unspecified		unspecified	unspecified	present
labyrinthitis	585	unspecified	unspecified		unspecified	unspecified	present
labyrinthitis	997	unspecified	unspecified		unspecified	unspecified	present
labyrinthitis	1053	unspecified	unspecified		unspecified	unspecified	present
lambert-eaton-myasthenic-syndrome	216	unspecified	unspecified		unspecified	unspecified	present
lambert-eaton-myasthenic-syndrome	235	unspecified	unspecified		unspecified	unspecified	present
lambert-eaton-myasthenic-syndrome	241	unspecified	unspecified		unspecified	unspecified	present
lambert-eaton-myasthenic-syndrome	243	unspecified	unspecified		unspecified	unspecified	present
lambert-eaton-myasthenic-syndrome	260	unspecified	unspecified		unspecified	unspecified	present
lambert-eaton-myasthenic-syndrome	266	unspecified	unspecified		unspecified	unspecified	present
lambert-eaton-myasthenic-syndrome	277	unspecified	unspecified		unspecified	unspecified	present
lambert-eaton-myasthenic-syndrome	293	unspecified	unspecified		unspecified	unspecified	present
lambert-eaton-myasthenic-syndrome	323	unspecified	unspecified		unspecified	unspecified	present
lambert-eaton-myasthenic-syndrome	466	unspecified	unspecified		unspecified	unspecified	present
lambert-eaton-myasthenic-syndrome	559	unspecified	unspecified		unspecified	unspecified	present
lambert-eaton-myasthenic-syndrome	571	unspecified	unspecified		unspecified	worsening	present
lambert-eaton-myasthenic-syndrome	1069	unspecified	unspecified		unspecified	unspecified	present
laryngeal-cancer	37	unspecified	unspecified		unspecified	unspecified	present
laryngeal-cancer	38	unspecified	unspecified		unspecified	unspecified	present
laryngeal-cancer	241	unspecified	unspecified		unspecified	unspecified	present
laryngeal-cancer	287	unspecified	unspecified		unspecified	unspecified	present
laryngeal-cancer	419	unspecified	unspecified		unspecified	unspecified	present
laryngeal-cancer	512	unspecified	unspecified		unspecified	unspecified	present
laryngeal-cancer	926	unspecified	unspecified		unspecified	unspecified	present
laryngeal-cancer	1020	unspecified	unspecified		unspecified	unspecified	present
laryngitis	29	unspecified	unspecified		unspecified	unspecified	present
laryngitis	171	unspecified	unspecified		unspecified	unspecified	present
laryngitis	215	unspecified	unspecified		unspecified	unspecified	present
laryngitis	417	unspecified	unspecified		unspecified	unspecified	present
laryngitis	419	unspecified	unspecified		unspecified	unspecified	present
laryngitis	444	unspecified	unspecified		unspecified	unspecified	present
laryngitis	868	unspecified	unspecified		unspecified	unspecified	present
lazy-eye	62	unspecified	unspecified		unspecified	unspecified	present
lazy-eye	163	unspecified	unspecified		unspecified	unspecified	present
lazy-eye	222	unspecified	unspecified		unspecified	unspecified	present
lazy-eye	307	unspecified	unspecified		unspecified	unspecified	present
lazy-eye	320	unspecified	unspecified		unspecified	unspecified	present
lazy-eye	398	unspecified	unspecified		unspecified	unspecified	present
lazy-eye	895	unspecified	unspecified		unspecified	unspecified	present
lazy-eye	896	unspecified	unspecified		unspecified	unspecified	present
lazy-eye	1006	unspecified	unspecified		unspecified	unspecified	present
lazy-eye	1046	unspecified	unspecified		unspecified	unspecified	present
leg-ulcer	334	unspecified	unspecified		unspecified	unspecified	present
leg-ulcer	397	unspecified	unspecified		unspecified	unspecified	present
leg-ulcer	411	unspecified	unspecified		unspecified	unspecified	present
leg-ulcer	458	unspecified	unspecified		unspecified	unspecified	present
leg-ulcer	613	unspecified	unspecified		unspecified	worsening	present
leg-ulcer	638	unspecified	unspecified		unspecified	unspecified	present
leg-ulcer	770	unspecified	unspecified		unspecified	unspecified	present
leg-ulcer	790	unspecified	unspecified		unspecified	unspecified	present
leg-ulcer	829	unspecified	unspecified		unspecified	unspecified	present
leg-ulcer	860	unspecified	unspecified		unspecified	unspecified	present
leg-ulcer	939	unspecified	unspecified		unspecified	unspecified	present
leg-ulcer	949	unspecified	unspecified		unspecified	unspecified	present
leg-ulcer	1010	unspecified	unspecified		unspecified	unspecified	present
leg-ulcer	1041	unspecified	unspecified		unspecified	unspecified	present
legionnaires-disease	134	unspecified	unspecified		unspecified	unspecified	present
legionnaires-disease	171	unspecified	unspecified		unspecified	unspecified	present
legionnaires-disease	350	unspecified	unspecified		unspecified	unspecified	present
legionnaires-disease	417	unspecified	unspecified		unspecified	unspecified	present
leptospirosis	350	unspecified	unspecified		unspecified	unspecified	present
leptospirosis	417	unspecified	unspecified		unspecified	unspecified	present
leptospirosis	463	unspecified	unspecified		unspecified	unspecified	present
leptospirosis	466	unspecified	unspecified		unspecified	unspecified	present
leptospirosis	559	unspecified	unspecified		unspecified	unspecified	present
leptospirosis	585	unspecified	unspecified		unspecified	unspecified	present
leptospirosis	751	unspecified	unspecified		unspecified	unspecified	present
leptospirosis	1007	unspecified	unspecified		unspecified	unspecified	present
leptospirosis	1053	unspecified	unspecified		unspecified	unspecified	present
leptospirosis	1064	unspecified	unspecified		unspecified	unspecified	present
leukoplakia	681	unspecified	unspecified		unspecified	unspecified	present
leukoplakia	737	unspecified	unspecified		unspecified	unspecified	present
leukoplakia	764	unspecified	unspecified		unspecified	unspecified	present
lichen-planus	176	unspecified	unspecified		unspecified	unspecified	present
lichen-planus	280	unspecified	unspecified		unspecified	unspecified	present
lichen-planus	391	unspecified	unspecified		unspecified	unspecified	present
lichen-planus	454	unspecified	unspecified		unspecified	unspecified	present
lichen-planus	462	unspecified	unspecified		unspecified	unspecified	present
lichen-planus	541	unspecified	unspecified		unspecified	unspecified	present
lichen-planus	575	unspecified	unspecified		unspecified	unspecified	present
lichen-planus	681	unspecified	unspecified		unspecified	unspecified	present
lichen-planus	689	unspecified	unspecified		unspecified	unspecified	present
lichen-planus	738	unspecified	unspecified		unspecified	unspecified	present
lichen-planus	755	unspecified	unspecified		unspecified	unspecified	present
lichen-planus	839	unspecified	unspecified		unspecified	unspecified	present
lichen-planus	911	unspecified	unspecified		unspecified	unspecified	present
lichen-planus	1055	unspecified	unspecified		unspecified	unspecified	present
lichen-planus	1077	unspecified	unspecified		unspecified	unspecified	present
lichen-sclerosus	129	unspecified	unspecified		unspecified	unspecified	present
lichen-sclerosus	360	unspecified	unspecified		unspecified	unspecified	present
lichen-sclerosus	628	unspecified	unspecified		unspecified	unspecified	present
lichen-sclerosus	645	unspecified	unspecified		unspecified	unspecified	present
lichen-sclerosus	836	unspecified	unspecified		unspecified	unspecified	present
lipoedema	113	unspecified	unspecified		unspecified	unspecified	present
lipoedema	639	unspecified	unspecified		unspecified	unspecified	present
lipoedema	720	unspecified	unspecified		unspecified	unspecified	present
lipoma	512	unspecified	unspecified		unspecified	unspecified	present
lipoma	519	unspecified	unspecified		unspecified	unspecified	present
listeriosis	8	unspecified	unspecified		unspecified	unspecified	present
listeriosis	331	unspecified	unspecified		unspecified	unspecified	absent
listeriosis	417	unspecified	unspecified		unspecified	unspecified	present
listeriosis	442	unspecified	unspecified		unspecified	unspecified	present
listeriosis	549	unspecified	unspecified		unspecified	unspecified	absent
listeriosis	585	unspecified	unspecified		unspecified	unspecified	present
listeriosis	1053	unspecified	unspecified		unspecified	unspecified	present
liver-cancer	29	unspecified	unspecified		unspecified	unspecified	present
liver-cancer	72	unspecified	unspecified		unspecified	unspecified	present
liver-cancer	323	unspecified	unspecified		unspecified	unspecified	present
liver-cancer	417	unspecified	unspecified		unspecified	unspecified	present
liver-cancer	463	unspecified	unspecified		unspecified	unspecified	present
liver-cancer	520	unspecified	unspecified		unspecified	unspecified	present
liver-cancer	585	unspecified	unspecified		unspecified	unspecified	present
liver-cancer	614	unspecified	unspecified		unspecified	unspecified	present
liver-cancer	646	unspecified	unspecified		unspecified	unspecified	present
liver-cancer	788	unspecified	unspecified		unspecified	unspecified	present
liver-cancer	1053	unspecified	unspecified		unspecified	unspecified	present
liver-disease	29	unspecified	unspecified		unspecified	unspecified	present
liver-disease	323	unspecified	unspecified		unspecified	unspecified	present
liver-disease	459	unspecified	unspecified		unspecified	unspecified	present
liver-disease	463	unspecified	unspecified		unspecified	unspecified	present
liver-disease	509	unspecified	unspecified		unspecified	unspecified	present
liver-disease	585	unspecified	unspecified		unspecified	unspecified	present
liver-disease	1053	unspecified	unspecified		unspecified	unspecified	present
long-qt-syndrome	127	unspecified	unspecified		unspecified	unspecified	present
long-qt-syndrome	676	unspecified	unspecified		unspecified	unspecified	present
long-qt-syndrome	797	unspecified	unspecified		unspecified	unspecified	present
low-blood-pressure-hypotension	84	unspecified	unspecified		unspecified	unspecified	present
low-blood-pressure-hypotension	260	unspecified	unspecified		unspecified	unspecified	present
low-blood-pressure-hypotension	323	unspecified	unspecified		unspecified	unspecified	present
low-blood-pressure-hypotension	585	unspecified	unspecified		unspecified	unspecified	present
low-blood-pressure-hypotension	1066	unspecified	unspecified		unspecified	unspecified	present
low-blood-sugar-hypoglycaemia	25	unspecified	unspecified		unspecified	unspecified	present
low-blood-sugar-hypoglycaemia	165	unspecified	unspecified		unspecified	unspecified	present
low-blood-sugar-hypoglycaemia	260	unspecified	unspecified		unspecified	unspecified	present
low-blood-sugar-hypoglycaemia	323	unspecified	unspecified		unspecified	unspecified	present
low-blood-sugar-hypoglycaemia	430	unspecified	unspecified		unspecified	unspecified	present
low-blood-sugar-hypoglycaemia	676	unspecified	unspecified		unspecified	unspecified	present
low-blood-sugar-hypoglycaemia	797	unspecified	unspecified		unspecified	unspecified	present
low-blood-sugar-hypoglycaemia	996	unspecified	unspecified		unspecified	unspecified	present
low-blood-sugar-hypoglycaemia	1044	unspecified	unspecified		unspecified	unspecified	present
lung-cancer	29	unspecified	unspecified		unspecified	unspecified	present
lung-cancer	101	unspecified	unspecified		unspecified	unspecified	present
lung-cancer	133	unspecified	unspecified		unspecified	unspecified	present
lung-cancer	134	unspecified	unspecified		unspecified	unspecified	present
lung-cancer	146	unspecified	unspecified		unspecified	unspecified	present
lung-cancer	171	unspecified	unspecified		unspecified	unspecified	present
lung-cancer	173	unspecified	unspecified		unspecified	unspecified	present
lung-cancer	241	unspecified	unspecified		unspecified	unspecified	present
lung-cancer	323	unspecified	unspecified		unspecified	unspecified	present
lung-cancer	419	unspecified	unspecified		unspecified	unspecified	present
lung-cancer	621	unspecified	unspecified		unspecified	unspecified	present
lung-cancer	933	unspecified	unspecified		unspecified	unspecified	present
lung-cancer	942	unspecified	unspecified		unspecified	unspecified	present
lupus	323	unspecified	unspecified		unspecified	unspecified	present
lupus	391	unspecified	unspecified		unspecified	unspecified	present
lupus	417	unspecified	unspecified		unspecified	unspecified	present
lupus	466	unspecified	unspecified		unspecified	unspecified	present
lupus	559	unspecified	unspecified		unspecified	unspecified	present
lupus	614	unspecified	unspecified		unspecified	unspecified	present
lupus	740	unspecified	unspecified		unspecified	unspecified	present
lupus	956	unspecified	unspecified		unspecified	unspecified	present
lupus	1011	unspecified	unspecified		unspecified	unspecified	present
lupus	1071	unspecified	unspecified		unspecified	unspecified	present
lyme-disease	164	unspecified	unspecified		unspecified	unspecified	present
lyme-disease	270	unspecified	unspecified		unspecified	unspecified	present
lyme-disease	325	unspecified	unspecified		unspecified	unspecified	present
lyme-disease	417	unspecified	unspecified		unspecified	unspecified	present
lyme-disease	446	unspecified	unspecified		unspecified	unspecified	present
lyme-disease	466	unspecified	unspecified		unspecified	unspecified	present
lyme-disease	470	unspecified	unspecified		unspecified	unspecified	present
lyme-disease	475	unspecified	unspecified		unspecified	unspecified	present
lyme-disease	559	unspecified	unspecified		unspecified	unspecified	present
lyme-disease	588	unspecified	unspecified		unspecified	unspecified	present
lyme-disease	740	unspecified	unspecified		unspecified	worsening	present
lyme-disease	838	unspecified	unspecified		unspecified	unspecified	present
lyme-disease	965	unspecified	unspecified		unspecified	unspecified	present
lymphoedema	8	unspecified	unspecified		unspecified	unspecified	present
lymphoedema	356	unspecified	unspecified		unspecified	unspecified	present
lymphoedema	385	unspecified	unspecified		unspecified	unspecified	present
lymphoedema	435	unspecified	unspecified		unspecified	unspecified	present
lymphoedema	484	unspecified	unspecified		unspecified	unspecified	present
lymphoedema	544	unspecified	unspecified		unspecified	unspecified	present
lymphoedema	832	unspecified	unspecified		unspecified	unspecified	present
lymphoedema	929	unspecified	unspecified		unspecified	unspecified	present
lymphoedema	936	unspecified	unspecified		unspecified	unspecified	present
lymphoedema	940	unspecified	unspecified		unspecified	unspecified	present
lymphoedema	942	unspecified	unspecified		unspecified	unspecified	present
malaria	29	unspecified	unspecified		unspecified	unspecified	present
malaria	166	unspecified	unspecified		unspecified	unspecified	present
malaria	172	unspecified	unspecified		unspecified	unspecified	present
malaria	212	unspecified	unspecified		unspecified	unspecified	present
malaria	220	unspecified	unspecified		unspecified	unspecified	present
malaria	400	unspecified	unspecified		unspecified	unspecified	present
malaria	417	unspecified	unspecified		unspecified	unspecified	present
malaria	463	unspecified	unspecified		unspecified	unspecified	present
malaria	466	unspecified	unspecified		unspecified	unspecified	present
malaria	559	unspecified	unspecified		unspecified	unspecified	present
malaria	848	unspecified	unspecified		unspecified	unspecified	present
malaria	876	unspecified	unspecified		unspecified	unspecified	present
malaria	1001	unspecified	unspecified		severe	unspecified	present
malaria	1054	unspecified	unspecified		unspecified	unspecified	present
malignant-brain-tumour	47	unspecified	unspecified		unspecified	unspecified	present
malignant-brain-tumour	319	unspecified	unspecified		unspecified	unspecified	present
malignant-brain-tumour	399	unspecified	unspecified		unspecified	unspecified	present
malignant-brain-tumour	586	unspecified	unspecified		unspecified	unspecified	present
malignant-brain-tumour	696	unspecified	unspecified		unspecified	unspecified	present
malignant-brain-tumour	797	unspecified	unspecified		unspecified	unspecified	present
malignant-brain-tumour	848	unspecified	unspecified		unspecified	unspecified	present
malignant-brain-tumour	1044	unspecified	unspecified		unspecified	unspecified	present
mallet-finger	108	unspecified	unspecified		unspecified	unspecified	present
mallet-finger	131	unspecified	unspecified		unspecified	unspecified	present
mallet-finger	613	unspecified	unspecified		unspecified	unspecified	present
mallet-finger	871	unspecified	unspecified		unspecified	unspecified	present
mallet-finger	926	unspecified	unspecified		unspecified	unspecified	present
mallet-finger	934	unspecified	unspecified		unspecified	unspecified	present
mallet-finger	970	unspecified	unspecified		unspecified	unspecified	present
marfan-syndrome	2	unspecified	unspecified		unspecified	unspecified	present
marfan-syndrome	84	unspecified	unspecified		unspecified	unspecified	present
marfan-syndrome	182	unspecified	unspecified		unspecified	unspecified	present
marfan-syndrome	203	unspecified	unspecified		unspecified	unspecified	present
marfan-syndrome	344	unspecified	unspecified		unspecified	unspecified	present
marfan-syndrome	416	unspecified	unspecified		unspecified	unspecified	present
marfan-syndrome	469	unspecified	unspecified		unspecified	unspecified	present
marfan-syndrome	617	unspecified	unspecified		unspecified	unspecified	present
marfan-syndrome	638	unspecified	unspecified		unspecified	unspecified	present
marfan-syndrome	857	unspecified	unspecified		unspecified	unspecified	present
marfan-syndrome	939	unspecified	unspecified		unspecified	unspecified	present
mastitis	350	unspecified	unspecified		unspecified	unspecified	present
mastitis	514	unspecified	unspecified		unspecified	unspecified	present
mastitis	593	unspecified	unspecified		unspecified	unspecified	present
mastitis	620	unspecified	unspecified		unspecified	unspecified	present
mastitis	930	unspecified	unspecified		unspecified	unspecified	present
mastoiditis	247	unspecified	unspecified		unspecified	unspecified	present
mastoiditis	404	unspecified	unspecified		unspecified	unspecified	present
mastoiditis	417	unspecified	unspecified		unspecified	unspecified	present
mastoiditis	622	unspecified	unspecified		unspecified	unspecified	present
mastoiditis	767	unspecified	unspecified		unspecified	unspecified	present
mastoiditis	931	unspecified	unspecified		unspecified	unspecified	present
mastoiditis	1000	unspecified	unspecified		unspecified	unspecified	present
measles	171	unspecified	unspecified		unspecified	unspecified	present
measles	417	unspecified	unspecified		unspecified	unspecified	present
measles	584	unspecified	unspecified		unspecified	unspecified	present
measles	750	unspecified	unspecified		unspecified	unspecified	present
measles	862	unspecified	unspecified		unspecified	unspecified	present
measles	866	unspecified	unspecified		unspecified	unspecified	present
measles	891	unspecified	unspecified		unspecified	unspecified	present
medically-unexplained-symptoms	318	unspecified	unspecified		unspecified	unspecified	present
medically-unexplained-symptoms	466	unspecified	unspecified		unspecified	unspecified	present
medically-unexplained-symptoms	496	unspecified	unspecified		unspecified	unspecified	present
medically-unexplained-symptoms	559	unspecified	unspecified		unspecified	unspecified	present
medically-unexplained-symptoms	571	unspecified	unspecified		unspecified	unspecified	present
medically-unexplained-symptoms	617	unspecified	unspecified		unspecified	unspecified	present
medically-unexplained-symptoms	621	unspecified	unspecified		unspecified	unspecified	present
medically-unexplained-symptoms	676	unspecified	unspecified		unspecified	unspecified	present
medically-unexplained-symptoms	797	unspecified	unspecified		unspecified	unspecified	present
medically-unexplained-symptoms	1007	unspecified	unspecified		unspecified	unspecified	present
menieres-disease	260	unspecified	unspecified		unspecified	unspecified	present
menieres-disease	287	unspecified	unspecified		unspecified	unspecified	present
menieres-disease	404	unspecified	unspecified		unspecified	unspecified	present
menieres-disease	585	unspecified	unspecified		unspecified	unspecified	present
menieres-disease	721	unspecified	unspecified		unspecified	unspecified	present
menieres-disease	997	unspecified	unspecified		unspecified	unspecified	present
menieres-disease	1053	unspecified	unspecified		unspecified	unspecified	present
meningitis	117	unspecified	unspecified		unspecified	unspecified	present
meningitis	152	unspecified	unspecified		unspecified	unspecified	present
meningitis	153	unspecified	unspecified		unspecified	unspecified	present
meningitis	212	unspecified	unspecified		unspecified	unspecified	present
meningitis	300	unspecified	unspecified		severe	unspecified	present
meningitis	305	unspecified	unspecified		unspecified	unspecified	present
meningitis	334	unspecified	unspecified		unspecified	unspecified	present
meningitis	349	unspecified	unspecified		unspecified	unspecified	present
meningitis	400	unspecified	unspecified		severe	worsening	present
meningitis	466	unspecified	unspecified		unspecified	unspecified	present
meningitis	559	unspecified	unspecified		unspecified	unspecified	present
meningitis	597	unspecified	unspecified		unspecified	unspecified	present
meningitis	714	unspecified	unspecified		unspecified	unspecified	present
meningitis	797	unspecified	unspecified		unspecified	unspecified	present
meningitis	903	unspecified	unspecified		unspecified	unspecified	present
meningitis	1027	unspecified	unspecified		unspecified	unspecified	present
meningitis	1053	unspecified	unspecified		unspecified	unspecified	present
meningitis	1054	unspecified	unspecified		unspecified	unspecified	present
middle-east-respiratory-syndrome-mers	171	unspecified	unspecified		unspecified	unspecified	present
middle-east-respiratory-syndrome-mers	350	unspecified	unspecified		unspecified	unspecified	present
middle-east-respiratory-syndrome-mers	417	unspecified	unspecified		unspecified	unspecified	present
migraine	32	unspecified	unspecified		unspecified	unspecified	present
migraine	130	unspecified	unspecified		unspecified	unspecified	present
migraine	260	unspecified	unspecified		unspecified	unspecified	present
migraine	326	unspecified	unspecified		unspecified	unspecified	present
migraine	400	unspecified	unspecified		severe	unspecified	present
migraine	431	unspecified	unspecified		unspecified	unspecified	present
migraine	432	unspecified	unspecified		unspecified	unspecified	present
migraine	530	unspecified	unspecified		unspecified	unspecified	present
migraine	537	unspecified	unspecified		unspecified	unspecified	present
migraine	585	unspecified	unspecified		unspecified	unspecified	present
migraine	696	unspecified	unspecified		unspecified	unspecified	present
migraine	802	unspecified	unspecified		unspecified	unspecified	present
migraine	803	unspecified	unspecified		unspecified	unspecified	present
migraine	855	unspecified	unspecified		unspecified	unspecified	present
migraine	903	unspecified	unspecified		unspecified	unspecified	present
migraine	988	unspecified	unspecified		unspecified	unspecified	present
migraine	1044	unspecified	unspecified		unspecified	unspecified	present
migraine	1053	unspecified	unspecified		unspecified	unspecified	present
migraine	1082	unspecified	unspecified		unspecified	unspecified	present
miscarriage	59	unspecified	unspecified		unspecified	unspecified	present
miscarriage	524	unspecified	unspecified		unspecified	unspecified	present
miscarriage	614	unspecified	unspecified		unspecified	unspecified	present
miscarriage	893	unspecified	unspecified		unspecified	unspecified	present
mortons-neuroma	602	unspecified	unspecified		unspecified	unspecified	present
mortons-neuroma	654	unspecified	unspecified		unspecified	unspecified	present
mortons-neuroma	799	unspecified	unspecified		unspecified	unspecified	present
mortons-neuroma	995	unspecified	unspecified		unspecified	unspecified	present
motion-sickness	155	unspecified	unspecified		unspecified	unspecified	present
motion-sickness	585	unspecified	unspecified		unspecified	unspecified	present
motion-sickness	670	unspecified	unspecified		unspecified	unspecified	present
motion-sickness	1053	unspecified	unspecified		unspecified	unspecified	present
motor-neurone-disease	179	unspecified	unspecified		unspecified	unspecified	present
motor-neurone-disease	215	unspecified	unspecified		unspecified	unspecified	present
motor-neurone-disease	241	unspecified	unspecified		unspecified	unspecified	present
motor-neurone-disease	264	unspecified	unspecified		unspecified	unspecified	present
motor-neurone-disease	425	unspecified	unspecified		unspecified	unspecified	present
motor-neurone-disease	537	unspecified	unspecified		unspecified	unspecified	present
motor-neurone-disease	696	unspecified	unspecified		unspecified	unspecified	present
motor-neurone-disease	1065	unspecified	unspecified		unspecified	unspecified	present
motor-neurone-disease	1068	unspecified	unspecified		unspecified	unspecified	present
mouth-cancer	241	unspecified	unspecified		unspecified	unspecified	present
mouth-cancer	419	unspecified	unspecified		unspecified	unspecified	present
mouth-cancer	517	unspecified	unspecified		unspecified	unspecified	present
mouth-cancer	518	unspecified	unspecified		unspecified	unspecified	present
mouth-cancer	642	unspecified	unspecified		unspecified	unspecified	present
mouth-cancer	681	unspecified	unspecified		unspecified	unspecified	present
mouth-cancer	1011	unspecified	unspecified		unspecified	unspecified	present
mouth-cancer	1020	unspecified	unspecified		unspecified	unspecified	present
mouth-ulcers	159	unspecified	unspecified		unspecified	unspecified	present
mouth-ulcers	1009	unspecified	unspecified		unspecified	unspecified	present
mouth-ulcers	1011	unspecified	unspecified		unspecified	unspecified	present
mpox	58	unspecified	unspecified		unspecified	unspecified	present
mpox	399	unspecified	unspecified		unspecified	unspecified	present
mpox	417	unspecified	unspecified		unspecified	unspecified	present
mpox	466	unspecified	unspecified		unspecified	unspecified	present
mpox	470	unspecified	unspecified		unspecified	unspecified	present
mpox	475	unspecified	unspecified		unspecified	unspecified	present
mpox	559	unspecified	unspecified		unspecified	unspecified	present
mpox	615	unspecified	unspecified		unspecified	unspecified	present
mpox	816	unspecified	unspecified		unspecified	unspecified	present
mpox	956	unspecified	unspecified		unspecified	unspecified	present
mpox	1012	unspecified	unspecified		unspecified	unspecified	present
multiple-sclerosis	93	unspecified	unspecified		unspecified	unspecified	present
multiple-sclerosis	179	unspecified	unspecified		unspecified	unspecified	present
multiple-sclerosis	323	unspecified	unspecified		unspecified	unspecified	present
multiple-sclerosis	503	unspecified	unspecified		unspecified	unspecified	present
multiple-sclerosis	806	unspecified	unspecified		unspecified	unspecified	present
multiple-sclerosis	909	unspecified	unspecified		unspecified	unspecified	present
multiple-sclerosis	1036	unspecified	unspecified		unspecified	unspecified	present
multiple-sclerosis	1044	unspecified	unspecified		unspecified	unspecified	present
multiple-system-atrophy	168	unspecified	unspecified		unspecified	unspecified	present
multiple-system-atrophy	188	unspecified	unspecified		unspecified	unspecified	present
multiple-system-atrophy	241	unspecified	unspecified		unspecified	unspecified	present
multiple-system-atrophy	293	unspecified	unspecified		unspecified	unspecified	present
multiple-system-atrophy	318	unspecified	unspecified		unspecified	unspecified	present
multiple-system-atrophy	438	unspecified	unspecified		unspecified	unspecified	present
multiple-system-atrophy	483	unspecified	unspecified		unspecified	unspecified	present
multiple-system-atrophy	496	unspecified	unspecified		unspecified	unspecified	present
multiple-system-atrophy	596	unspecified	unspecified		unspecified	unspecified	present
multiple-system-atrophy	855	unspecified	unspecified		unspecified	unspecified	present
multiple-system-atrophy	902	unspecified	unspecified		unspecified	unspecified	present
multiple-system-atrophy	966	unspecified	unspecified		unspecified	unspecified	present
multiple-system-atrophy	1022	unspecified	unspecified		unspecified	unspecified	present
multiple-system-atrophy	1036	unspecified	unspecified		unspecified	unspecified	present
mumps	29	unspecified	unspecified		unspecified	unspecified	present
mumps	287	unspecified	unspecified		unspecified	unspecified	present
mumps	315	unspecified	unspecified		unspecified	unspecified	present
mumps	323	unspecified	unspecified		unspecified	unspecified	present
mumps	417	unspecified	unspecified		unspecified	unspecified	present
mumps	466	unspecified	unspecified		unspecified	unspecified	present
mumps	559	unspecified	unspecified		unspecified	unspecified	present
mumps	585	unspecified	unspecified		unspecified	unspecified	present
mumps	951	unspecified	unspecified		unspecified	unspecified	present
muscular-dystrophy	207	unspecified	unspecified		unspecified	unspecified	present
muscular-dystrophy	235	unspecified	unspecified		unspecified	unspecified	present
muscular-dystrophy	236	unspecified	unspecified		unspecified	unspecified	present
muscular-dystrophy	347	unspecified	unspecified		unspecified	unspecified	present
muscular-dystrophy	363	unspecified	unspecified		unspecified	unspecified	present
muscular-dystrophy	466	unspecified	unspecified		unspecified	unspecified	present
muscular-dystrophy	544	unspecified	unspecified		unspecified	unspecified	present
muscular-dystrophy	559	unspecified	unspecified		unspecified	unspecified	present
muscular-dystrophy	571	unspecified	unspecified		unspecified	unspecified	present
myasthenia-gravis	241	unspecified	unspecified		unspecified	unspecified	present
myasthenia-gravis	261	unspecified	unspecified		unspecified	unspecified	present
myasthenia-gravis	268	unspecified	unspecified		unspecified	unspecified	present
myasthenia-gravis	316	unspecified	unspecified		unspecified	unspecified	present
myasthenia-gravis	855	unspecified	unspecified		unspecified	unspecified	present
myasthenia-gravis	1069	unspecified	unspecified		unspecified	unspecified	present
myelodysplastic-syndrome-mds	100	unspecified	unspecified		unspecified	unspecified	present
myelodysplastic-syndrome-mds	323	unspecified	unspecified		unspecified	unspecified	present
myelodysplastic-syndrome-mds	364	unspecified	unspecified		unspecified	unspecified	present
myelodysplastic-syndrome-mds	597	unspecified	unspecified		unspecified	unspecified	present
myelodysplastic-syndrome-mds	674	unspecified	unspecified		unspecified	unspecified	present
myelodysplastic-syndrome-mds	1025	unspecified	unspecified		unspecified	unspecified	present
myelodysplastic-syndrome-mds	1026	unspecified	unspecified		unspecified	unspecified	present
myeloma	90	unspecified	unspecified		unspecified	unspecified	present
myeloma	323	unspecified	unspecified		unspecified	unspecified	present
myeloma	431	unspecified	unspecified		unspecified	unspecified	present
myeloma	432	unspecified	unspecified		unspecified	unspecified	present
myeloma	571	unspecified	unspecified		unspecified	unspecified	present
myeloma	1020	unspecified	unspecified		unspecified	unspecified	present
myositis	215	unspecified	unspecified		unspecified	unspecified	present
myositis	235	unspecified	unspecified		unspecified	unspecified	present
myositis	241	unspecified	unspecified		unspecified	unspecified	present
myositis	323	unspecified	unspecified		unspecified	unspecified	present
myositis	466	unspecified	unspecified		unspecified	unspecified	present
myositis	559	unspecified	unspecified		unspecified	unspecified	present
myositis	571	unspecified	unspecified		unspecified	unspecified	present
myositis	589	unspecified	unspecified		unspecified	unspecified	present
myositis	756	unspecified	unspecified		unspecified	unspecified	present
myositis	1071	unspecified	unspecified		unspecified	unspecified	present
narcolepsy	33	unspecified	unspecified		unspecified	unspecified	present
narcolepsy	393	unspecified	unspecified		unspecified	unspecified	present
narcolepsy	510	unspecified	unspecified		unspecified	unspecified	present
narcolepsy	528	unspecified	unspecified		unspecified	unspecified	present
narcolepsy	779	unspecified	unspecified		unspecified	unspecified	present
necrotising-fasciitis	350	unspecified	unspecified		unspecified	unspecified	present
necrotising-fasciitis	439	unspecified	unspecified		unspecified	unspecified	present
necrotising-fasciitis	585	unspecified	unspecified		unspecified	unspecified	present
necrotising-fasciitis	600	unspecified	unspecified		unspecified	unspecified	present
necrotising-fasciitis	762	unspecified	unspecified		unspecified	unspecified	present
necrotising-fasciitis	821	unspecified	unspecified		unspecified	unspecified	present
necrotising-fasciitis	822	unspecified	unspecified		unspecified	unspecified	present
necrotising-fasciitis	1053	unspecified	unspecified		unspecified	unspecified	present
neurofibromatosis-type-1	106	unspecified	unspecified		unspecified	unspecified	present
neurofibromatosis-type-1	223	unspecified	unspecified		unspecified	unspecified	present
neurofibromatosis-type-1	306	unspecified	unspecified		unspecified	unspecified	present
neurofibromatosis-type-1	361	unspecified	unspecified		unspecified	unspecified	present
neurofibromatosis-type-1	362	unspecified	unspecified		unspecified	unspecified	present
neurofibromatosis-type-1	482	unspecified	unspecified		unspecified	unspecified	present
neurofibromatosis-type-1	818	unspecified	unspecified		unspecified	unspecified	present
neurofibromatosis-type-1	1083	unspecified	unspecified		unspecified	unspecified	present
neurofibromatosis-type-2	89	unspecified	unspecified		unspecified	unspecified	present
neurofibromatosis-type-2	306	unspecified	unspecified		unspecified	unspecified	present
neurofibromatosis-type-2	312	unspecified	unspecified		unspecified	unspecified	present
neurofibromatosis-type-2	316	unspecified	unspecified		unspecified	unspecified	present
neurofibromatosis-type-2	357	unspecified	unspecified		unspecified	unspecified	present
neurofibromatosis-type-2	404	unspecified	unspecified		unspecified	unspecified	present
neurofibromatosis-type-2	585	unspecified	unspecified		unspecified	unspecified	present
neurofibromatosis-type-2	588	unspecified	unspecified		unspecified	unspecified	present
neurofibromatosis-type-2	694	unspecified	unspecified		unspecified	unspecified	present
neurofibromatosis-type-2	721	unspecified	unspecified		unspecified	unspecified	present
neurofibromatosis-type-2	797	unspecified	unspecified		unspecified	unspecified	present
neurofibromatosis-type-2	835	unspecified	unspecified		unspecified	unspecified	present
neurofibromatosis-type-2	997	unspecified	unspecified		unspecified	unspecified	present
neurofibromatosis-type-2	1045	unspecified	unspecified		unspecified	unspecified	present
neurofibromatosis-type-2	1046	unspecified	unspecified		unspecified	unspecified	present
neurofibromatosis-type-2	1053	unspecified	unspecified		unspecified	unspecified	present
neuromyelitis-optica	305	unspecified	unspecified		unspecified	unspecified	present
neuromyelitis-optica	414	unspecified	unspecified		unspecified	unspecified	present
neuromyelitis-optica	427	unspecified	unspecified		unspecified	unspecified	present
neuromyelitis-optica	613	unspecified	unspecified		unspecified	unspecified	present
neuromyelitis-optica	806	unspecified	unspecified		unspecified	unspecified	present
neuromyelitis-optica	884	unspecified	unspecified		unspecified	unspecified	present
neuromyelitis-optica	1046	unspecified	unspecified		unspecified	unspecified	present
neuromyelitis-optica	1053	unspecified	unspecified		unspecified	unspecified	present
neuromyelitis-optica	1069	unspecified	unspecified		unspecified	unspecified	present
night-terrors	327	unspecified	unspecified		unspecified	unspecified	present
night-terrors	590	unspecified	unspecified		unspecified	unspecified	present
night-terrors	591	unspecified	unspecified		unspecified	unspecified	present
night-terrors	678	unspecified	unspecified		unspecified	unspecified	present
night-terrors	846	unspecified	unspecified		unspecified	unspecified	present
non-alcoholic-fatty-liver-disease	323	unspecified	unspecified		unspecified	unspecified	present
non-alcoholic-fatty-liver-disease	350	unspecified	unspecified		unspecified	unspecified	present
non-alcoholic-fatty-liver-disease	371	unspecified	unspecified		unspecified	unspecified	present
non-alcoholic-fatty-liver-disease	640	unspecified	unspecified		unspecified	unspecified	present
non-allergic-rhinitis	263	unspecified	unspecified		unspecified	unspecified	present
non-allergic-rhinitis	784	unspecified	unspecified		unspecified	unspecified	present
non-allergic-rhinitis	868	unspecified	unspecified		unspecified	unspecified	present
non-cancerous-benign-brain-tumours	39	unspecified	unspecified		unspecified	unspecified	present
non-cancerous-benign-brain-tumours	47	unspecified	unspecified		unspecified	unspecified	present
non-cancerous-benign-brain-tumours	165	unspecified	unspecified		unspecified	unspecified	present
non-cancerous-benign-brain-tumours	323	unspecified	unspecified		unspecified	unspecified	present
non-cancerous-benign-brain-tumours	551	unspecified	unspecified		unspecified	unspecified	present
non-cancerous-benign-brain-tumours	585	unspecified	unspecified		unspecified	unspecified	present
non-cancerous-benign-brain-tumours	694	unspecified	unspecified		unspecified	unspecified	present
non-cancerous-benign-brain-tumours	696	unspecified	unspecified		unspecified	unspecified	present
non-cancerous-benign-brain-tumours	797	unspecified	unspecified		unspecified	unspecified	present
non-cancerous-benign-brain-tumours	887	unspecified	unspecified		unspecified	unspecified	present
non-cancerous-benign-brain-tumours	1044	unspecified	unspecified		unspecified	unspecified	present
non-cancerous-benign-brain-tumours	1053	unspecified	unspecified		unspecified	unspecified	present
non-hodgkin-lymphoma	417	unspecified	unspecified		unspecified	unspecified	present
non-hodgkin-lymphoma	459	unspecified	unspecified		unspecified	unspecified	present
non-hodgkin-lymphoma	589	unspecified	unspecified		unspecified	unspecified	present
non-hodgkin-lymphoma	667	unspecified	unspecified		unspecified	unspecified	absent
non-hodgkin-lymphoma	668	unspecified	unspecified		unspecified	unspecified	absent
non-hodgkin-lymphoma	1020	unspecified	unspecified		unspecified	unspecified	present
oesophageal-cancer	29	unspecified	unspecified		unspecified	unspecified	present
oesophageal-cancer	50	unspecified	unspecified		unspecified	unspecified	present
oesophageal-cancer	126	unspecified	unspecified		unspecified	unspecified	present
oesophageal-cancer	171	unspecified	unspecified		unspecified	unspecified	present
oesophageal-cancer	241	unspecified	unspecified		unspecified	unspecified	present
oesophageal-cancer	323	unspecified	unspecified		unspecified	unspecified	present
oesophageal-cancer	409	unspecified	unspecified		unspecified	unspecified	present
oesophageal-cancer	419	unspecified	unspecified		unspecified	unspecified	present
oesophageal-cancer	433	unspecified	unspecified		unspecified	unspecified	present
oesophageal-cancer	585	unspecified	unspecified		unspecified	unspecified	present
oesophageal-cancer	1053	unspecified	unspecified		unspecified	unspecified	present
orf	64	unspecified	unspecified		unspecified	unspecified	present
orf	254	unspecified	unspecified		unspecified	unspecified	present
orf	323	unspecified	unspecified		unspecified	unspecified	present
orf	353	unspecified	unspecified		unspecified	unspecified	present
orf	417	unspecified	unspecified		unspecified	unspecified	present
orf	443	unspecified	unspecified		unspecified	unspecified	present
orf	820	unspecified	unspecified		severe	unspecified	present
orf	956	unspecified	unspecified		unspecified	unspecified	present
osteoarthritis	350	unspecified	unspecified		unspecified	unspecified	present
osteoarthritis	467	unspecified	unspecified		unspecified	unspecified	present
osteoarthritis	468	unspecified	unspecified		unspecified	unspecified	present
osteomyelitis	417	unspecified	unspecified		unspecified	unspecified	present
osteomyelitis	498	unspecified	unspecified		unspecified	unspecified	present
osteomyelitis	762	unspecified	unspecified		unspecified	unspecified	present
osteomyelitis	926	unspecified	unspecified		unspecified	unspecified	present
osteomyelitis	969	unspecified	unspecified		unspecified	unspecified	present
osteomyelitis	1058	unspecified	unspecified		unspecified	unspecified	present
osteophyte	523	unspecified	unspecified		unspecified	unspecified	present
otosclerosis	404	unspecified	unspecified		unspecified	unspecified	present
otosclerosis	721	unspecified	unspecified		unspecified	unspecified	present
otosclerosis	997	unspecified	unspecified		unspecified	unspecified	present
ovarian-cancer	71	unspecified	unspecified		unspecified	unspecified	present
ovarian-cancer	128	unspecified	unspecified		unspecified	unspecified	present
ovarian-cancer	323	unspecified	unspecified		unspecified	unspecified	present
ovarian-cancer	608	unspecified	unspecified		unspecified	unspecified	present
ovarian-cancer	614	unspecified	unspecified		unspecified	unspecified	present
ovarian-cancer	617	unspecified	unspecified		unspecified	unspecified	present
ovarian-cancer	788	unspecified	unspecified		unspecified	unspecified	present
ovarian-cancer	1020	unspecified	unspecified		unspecified	unspecified	present
ovarian-cancer	1036	unspecified	unspecified		unspecified	unspecified	present
ovarian-cancer	1038	unspecified	unspecified		unspecified	unspecified	present
ovarian-cyst	72	unspecified	unspecified		unspecified	unspecified	present
ovarian-cyst	168	unspecified	unspecified		unspecified	unspecified	present
ovarian-cyst	431	unspecified	unspecified		unspecified	unspecified	present
ovarian-cyst	432	unspecified	unspecified		unspecified	unspecified	present
ovarian-cyst	440	unspecified	unspecified		unspecified	unspecified	present
ovarian-cyst	585	unspecified	unspecified		unspecified	unspecified	present
ovarian-cyst	613	unspecified	unspecified		unspecified	unspecified	present
ovarian-cyst	655	unspecified	unspecified		unspecified	unspecified	present
ovarian-cyst	686	unspecified	unspecified		unspecified	unspecified	present
ovarian-cyst	788	unspecified	unspecified		unspecified	unspecified	present
overactive-thyroid-hyperthyroidism	25	unspecified	unspecified		unspecified	unspecified	present
overactive-thyroid-hyperthyroidism	323	unspecified	unspecified		unspecified	unspecified	present
overactive-thyroid-hyperthyroidism	410	unspecified	unspecified		unspecified	unspecified	present
overactive-thyroid-hyperthyroidism	438	unspecified	unspecified		unspecified	unspecified	present
overactive-thyroid-hyperthyroidism	441	unspecified	unspecified		unspecified	unspecified	present
overactive-thyroid-hyperthyroidism	539	unspecified	unspecified		unspecified	unspecified	present
overactive-thyroid-hyperthyroidism	568	unspecified	unspecified		unspecified	unspecified	present
overactive-thyroid-hyperthyroidism	676	unspecified	unspecified		unspecified	unspecified	present
overactive-thyroid-hyperthyroidism	942	unspecified	unspecified		unspecified	unspecified	present
overactive-thyroid-hyperthyroidism	1071	unspecified	unspecified		unspecified	unspecified	present
pagets-disease-bone	90	unspecified	unspecified		unspecified	unspecified	present
pagets-disease-bone	470	unspecified	unspecified		unspecified	unspecified	present
pagets-disease-bone	817	unspecified	unspecified		unspecified	unspecified	present
pagets-disease-bone	1059	unspecified	unspecified		unspecified	unspecified	present
pancreatic-cancer	29	unspecified	unspecified		unspecified	unspecified	present
pancreatic-cancer	35	unspecified	unspecified		unspecified	unspecified	present
pancreatic-cancer	72	unspecified	unspecified		unspecified	unspecified	present
pancreatic-cancer	168	unspecified	unspecified		unspecified	unspecified	present
pancreatic-cancer	323	unspecified	unspecified		unspecified	unspecified	present
pancreatic-cancer	417	unspecified	unspecified		unspecified	unspecified	present
pancreatic-cancer	463	unspecified	unspecified		unspecified	unspecified	present
pancreatic-cancer	585	unspecified	unspecified		unspecified	unspecified	present
pancreatic-cancer	614	unspecified	unspecified		unspecified	unspecified	present
pancreatic-cancer	1053	unspecified	unspecified		unspecified	unspecified	present
parkinsons-disease	438	unspecified	unspecified		unspecified	unspecified	present
parkinsons-disease	528	unspecified	unspecified		unspecified	unspecified	present
parkinsons-disease	564	unspecified	unspecified		unspecified	unspecified	present
parkinsons-disease	568	unspecified	unspecified		unspecified	unspecified	present
parkinsons-disease	721	unspecified	unspecified		unspecified	unspecified	present
parkinsons-disease	852	unspecified	unspecified		unspecified	unspecified	present
pelvic-inflammatory-disease-pid	60	unspecified	unspecified		unspecified	unspecified	present
pelvic-inflammatory-disease-pid	440	unspecified	unspecified		unspecified	unspecified	present
pelvic-inflammatory-disease-pid	613	unspecified	unspecified		unspecified	unspecified	present
pelvic-inflammatory-disease-pid	614	unspecified	unspecified		unspecified	unspecified	present
pelvic-inflammatory-disease-pid	1039	unspecified	unspecified		unspecified	unspecified	present
pemphigus-vulgaris	70	unspecified	unspecified		unspecified	unspecified	present
perforated-eardrum	247	unspecified	unspecified		unspecified	unspecified	present
perforated-eardrum	260	unspecified	unspecified		unspecified	unspecified	present
perforated-eardrum	287	unspecified	unspecified		unspecified	unspecified	present
perforated-eardrum	404	unspecified	unspecified		unspecified	unspecified	present
perforated-eardrum	417	unspecified	unspecified		unspecified	unspecified	present
perforated-eardrum	448	unspecified	unspecified		unspecified	unspecified	present
perforated-eardrum	997	unspecified	unspecified		unspecified	unspecified	present
pericarditis	171	unspecified	unspecified		unspecified	unspecified	present
pericarditis	417	unspecified	unspecified		unspecified	unspecified	present
pericarditis	470	unspecified	unspecified		unspecified	unspecified	present
pericarditis	475	unspecified	unspecified		unspecified	unspecified	present
pericarditis	613	unspecified	unspecified		unspecified	unspecified	present
pericarditis	621	unspecified	unspecified		unspecified	unspecified	present
pericarditis	812	unspecified	unspecified		unspecified	unspecified	present
pericarditis	897	unspecified	unspecified		unspecified	unspecified	present
peripheral-arterial-disease-pad	9	unspecified	unspecified		unspecified	unspecified	present
peripheral-arterial-disease-pad	102	unspecified	unspecified		unspecified	unspecified	present
peripheral-arterial-disease-pad	140	unspecified	unspecified		unspecified	unspecified	present
peripheral-arterial-disease-pad	253	unspecified	unspecified		unspecified	unspecified	present
peripheral-arterial-disease-pad	293	unspecified	unspecified		unspecified	unspecified	present
peripheral-arterial-disease-pad	392	unspecified	unspecified		unspecified	unspecified	present
peripheral-arterial-disease-pad	569	unspecified	unspecified		unspecified	unspecified	present
peripheral-arterial-disease-pad	604	unspecified	unspecified		unspecified	unspecified	present
peripheral-arterial-disease-pad	815	unspecified	unspecified		unspecified	unspecified	present
peripheral-arterial-disease-pad	1013	unspecified	unspecified		unspecified	unspecified	present
peripheral-arterial-disease-pad	1014	unspecified	unspecified		unspecified	unspecified	present
peripheral-neuropathy	122	unspecified	unspecified		unspecified	unspecified	present
peripheral-neuropathy	503	unspecified	unspecified		unspecified	unspecified	present
peripheral-neuropathy	573	unspecified	unspecified		unspecified	unspecified	present
peripheral-neuropathy	817	unspecified	unspecified		unspecified	unspecified	present
peripheral-neuropathy	897	unspecified	unspecified		unspecified	unspecified	present
peritonitis	72	unspecified	unspecified		unspecified	unspecified	present
peritonitis	242	unspecified	unspecified		unspecified	unspecified	present
peritonitis	408	unspecified	unspecified		unspecified	unspecified	present
peritonitis	417	unspecified	unspecified		unspecified	unspecified	present
peritonitis	585	unspecified	unspecified		unspecified	unspecified	present
peritonitis	1007	unspecified	unspecified		unspecified	unspecified	present
phaeochromocytoma	25	unspecified	unspecified		unspecified	unspecified	present
phaeochromocytoma	424	unspecified	unspecified		unspecified	unspecified	present
phaeochromocytoma	568	unspecified	unspecified		unspecified	unspecified	present
phaeochromocytoma	585	unspecified	unspecified		unspecified	unspecified	present
phaeochromocytoma	672	unspecified	unspecified		unspecified	unspecified	present
phaeochromocytoma	676	unspecified	unspecified		unspecified	unspecified	present
phaeochromocytoma	925	unspecified	unspecified		unspecified	unspecified	present
phaeochromocytoma	1053	unspecified	unspecified		unspecified	unspecified	present
phimosis	57	unspecified	unspecified		unspecified	unspecified	present
phimosis	79	unspecified	unspecified		unspecified	unspecified	present
phimosis	645	unspecified	unspecified		unspecified	unspecified	present
phimosis	665	unspecified	unspecified		unspecified	unspecified	present
phimosis	687	unspecified	unspecified		unspecified	unspecified	present
phimosis	691	unspecified	unspecified		unspecified	unspecified	present
phimosis	926	unspecified	unspecified		unspecified	unspecified	present
phimosis	969	unspecified	unspecified		unspecified	unspecified	present
phimosis	991	unspecified	unspecified		unspecified	unspecified	present
phlebitis	252	unspecified	unspecified		unspecified	unspecified	present
phlebitis	926	unspecified	unspecified		unspecified	unspecified	present
phlebitis	969	unspecified	unspecified		unspecified	unspecified	present
phlebitis	1057	unspecified	unspecified		unspecified	unspecified	present
piles-haemorrhoids	78	unspecified	unspecified		unspecified	unspecified	present
piles-haemorrhoids	168	unspecified	unspecified		unspecified	unspecified	present
piles-haemorrhoids	445	unspecified	unspecified		unspecified	unspecified	present
piles-haemorrhoids	522	unspecified	unspecified		unspecified	unspecified	present
piles-haemorrhoids	558	unspecified	unspecified		unspecified	unspecified	present
piles-haemorrhoids	615	unspecified	unspecified		unspecified	unspecified	present
piles-haemorrhoids	833	unspecified	unspecified		unspecified	unspecified	present
pilonidal-sinus	250	unspecified	unspecified		unspecified	unspecified	present
pilonidal-sinus	613	unspecified	unspecified		unspecified	unspecified	present
pilonidal-sinus	658	unspecified	unspecified		unspecified	unspecified	present
pilonidal-sinus	926	unspecified	unspecified		unspecified	unspecified	present
pityriasis-rosea	350	unspecified	unspecified		unspecified	unspecified	present
pityriasis-rosea	399	unspecified	unspecified		unspecified	unspecified	present
pityriasis-rosea	417	unspecified	unspecified		unspecified	unspecified	present
pityriasis-rosea	738	unspecified	unspecified		unspecified	unspecified	present
pityriasis-rosea	868	unspecified	unspecified		unspecified	unspecified	present
pityriasis-versicolor	252	unspecified	unspecified		unspecified	unspecified	present
plantar-fasciitis	613	unspecified	unspecified		unspecified	worsening	present
plantar-fasciitis	626	unspecified	unspecified		unspecified	unspecified	present
plantar-fasciitis	633	unspecified	unspecified		unspecified	unspecified	present
pleurisy	613	unspecified	unspecified		unspecified	worsening	present
pleurisy	621	unspecified	unspecified		unspecified	unspecified	present
pmdd-premenstrual-dysphoric-disorder	26	unspecified	unspecified		unspecified	unspecified	present
pmdd-premenstrual-dysphoric-disorder	72	unspecified	unspecified		unspecified	unspecified	present
pmdd-premenstrual-dysphoric-disorder	323	unspecified	unspecified		unspecified	unspecified	present
pmdd-premenstrual-dysphoric-disorder	441	unspecified	unspecified		unspecified	unspecified	present
pmdd-premenstrual-dysphoric-disorder	466	unspecified	unspecified		unspecified	unspecified	present
pmdd-premenstrual-dysphoric-disorder	559	unspecified	unspecified		unspecified	unspecified	present
pmdd-premenstrual-dysphoric-disorder	585	unspecified	unspecified		unspecified	unspecified	present
pmdd-premenstrual-dysphoric-disorder	612	unspecified	unspecified		unspecified	unspecified	present
pmdd-premenstrual-dysphoric-disorder	921	unspecified	unspecified		unspecified	unspecified	present
pmdd-premenstrual-dysphoric-disorder	971	unspecified	unspecified		unspecified	unspecified	present
pneumonia	8	unspecified	unspecified		unspecified	unspecified	present
pneumonia	29	unspecified	unspecified		unspecified	unspecified	present
pneumonia	165	unspecified	unspecified		unspecified	unspecified	present
pneumonia	171	unspecified	unspecified		unspecified	unspecified	present
pneumonia	323	unspecified	unspecified		unspecified	unspecified	present
pneumonia	417	unspecified	unspecified		unspecified	unspecified	present
pneumonia	621	unspecified	unspecified		unspecified	unspecified	present
pneumonia	1073	unspecified	unspecified		unspecified	unspecified	present
poisoning	84	unspecified	unspecified		unspecified	unspecified	present
poisoning	269	unspecified	unspecified		unspecified	unspecified	present
poisoning	334	unspecified	unspecified		unspecified	unspecified	present
poisoning	585	unspecified	unspecified		unspecified	unspecified	present
poisoning	797	unspecified	unspecified		unspecified	unspecified	present
poisoning	1053	unspecified	unspecified		unspecified	unspecified	present
polio	323	unspecified	unspecified		unspecified	unspecified	present
polio	350	unspecified	unspecified		unspecified	unspecified	present
polio	417	unspecified	unspecified		unspecified	unspecified	present
polio	466	unspecified	unspecified		unspecified	unspecified	present
polio	559	unspecified	unspecified		unspecified	unspecified	present
polio	563	unspecified	unspecified		unspecified	unspecified	present
polio	571	unspecified	unspecified		unspecified	unspecified	present
polio	585	unspecified	unspecified		unspecified	unspecified	present
polio	903	unspecified	unspecified		unspecified	unspecified	present
polio	1053	unspecified	unspecified		unspecified	unspecified	present
polyhydramnios	257	unspecified	unspecified		unspecified	unspecified	present
polyhydramnios	409	unspecified	unspecified		unspecified	unspecified	present
polyhydramnios	614	unspecified	unspecified		unspecified	unspecified	present
polyhydramnios	638	unspecified	unspecified		unspecified	unspecified	present
polyhydramnios	939	unspecified	unspecified		unspecified	unspecified	present
polymorphic-light-eruption	67	unspecified	unspecified		unspecified	unspecified	present
polymorphic-light-eruption	124	unspecified	unspecified		unspecified	unspecified	present
polymorphic-light-eruption	462	unspecified	unspecified		unspecified	unspecified	present
polymorphic-light-eruption	738	unspecified	unspecified		unspecified	unspecified	present
polymorphic-light-eruption	740	unspecified	unspecified		unspecified	unspecified	present
polymorphic-light-eruption	762	unspecified	unspecified		unspecified	unspecified	present
polymorphic-light-eruption	800	unspecified	unspecified		unspecified	unspecified	present
polymorphic-light-eruption	840	unspecified	unspecified		unspecified	unspecified	present
polymyalgia-rheumatica	29	unspecified	unspecified		unspecified	unspecified	present
polymyalgia-rheumatica	323	unspecified	unspecified		unspecified	unspecified	present
polymyalgia-rheumatica	636	unspecified	unspecified		unspecified	unspecified	present
polymyalgia-rheumatica	908	unspecified	unspecified		unspecified	unspecified	present
polymyalgia-rheumatica	1071	unspecified	unspecified		unspecified	unspecified	present
pompholyx	66	unspecified	unspecified		unspecified	unspecified	present
pompholyx	462	unspecified	unspecified		unspecified	unspecified	present
postural-tachycardia-syndrome	93	unspecified	unspecified		unspecified	unspecified	present
postural-tachycardia-syndrome	168	unspecified	unspecified		unspecified	unspecified	present
postural-tachycardia-syndrome	318	unspecified	unspecified		unspecified	unspecified	present
postural-tachycardia-syndrome	323	unspecified	unspecified		unspecified	unspecified	present
postural-tachycardia-syndrome	399	unspecified	unspecified		unspecified	unspecified	present
postural-tachycardia-syndrome	494	unspecified	unspecified		unspecified	unspecified	present
postural-tachycardia-syndrome	496	unspecified	unspecified		unspecified	unspecified	present
postural-tachycardia-syndrome	621	unspecified	unspecified		unspecified	unspecified	present
postural-tachycardia-syndrome	676	unspecified	unspecified		unspecified	unspecified	present
postural-tachycardia-syndrome	729	unspecified	unspecified		unspecified	unspecified	present
postural-tachycardia-syndrome	730	unspecified	unspecified		unspecified	unspecified	present
postural-tachycardia-syndrome	808	unspecified	unspecified		unspecified	unspecified	present
postural-tachycardia-syndrome	925	unspecified	unspecified		unspecified	unspecified	present
postural-tachycardia-syndrome	1047	unspecified	unspecified		unspecified	unspecified	present
prader-willi-syndrome	28	unspecified	unspecified		unspecified	unspecified	present
prader-willi-syndrome	46	unspecified	unspecified		unspecified	unspecified	present
prader-willi-syndrome	207	unspecified	unspecified		unspecified	unspecified	present
prader-willi-syndrome	223	unspecified	unspecified		unspecified	unspecified	present
prader-willi-syndrome	384	unspecified	unspecified		unspecified	unspecified	present
prader-willi-syndrome	571	unspecified	unspecified		unspecified	unspecified	present
pre-eclampsia	323	unspecified	unspecified		unspecified	unspecified	present
pre-eclampsia	400	unspecified	unspecified		severe	unspecified	present
pre-eclampsia	409	unspecified	unspecified		unspecified	unspecified	present
pre-eclampsia	424	unspecified	unspecified		unspecified	unspecified	present
pre-eclampsia	585	unspecified	unspecified		unspecified	unspecified	present
pre-eclampsia	625	unspecified	unspecified		unspecified	unspecified	present
pre-eclampsia	926	seconds_to_minutes	unspecified		unspecified	unspecified	present
pre-eclampsia	1044	unspecified	unspecified		unspecified	unspecified	present
pre-eclampsia	1053	unspecified	unspecified		unspecified	unspecified	present
pre-menstrual-syndrome	25	unspecified	unspecified		unspecified	unspecified	present
pre-menstrual-syndrome	72	unspecified	unspecified		unspecified	unspecified	present
pre-menstrual-syndrome	130	unspecified	unspecified		unspecified	unspecified	present
pre-menstrual-syndrome	323	unspecified	unspecified		unspecified	unspecified	present
pre-menstrual-syndrome	374	unspecified	unspecified		unspecified	unspecified	present
pre-menstrual-syndrome	538	unspecified	unspecified		unspecified	unspecified	present
pre-menstrual-syndrome	539	unspecified	unspecified		unspecified	unspecified	present
pre-menstrual-syndrome	740	unspecified	unspecified		unspecified	unspecified	present
pre-menstrual-syndrome	971	unspecified	unspecified		unspecified	unspecified	present
pre-menstrual-syndrome	1030	unspecified	unspecified		unspecified	unspecified	present
primary-biliary-cholangitis-pbc	90	unspecified	unspecified		unspecified	unspecified	present
primary-biliary-cholangitis-pbc	272	unspecified	unspecified		unspecified	unspecified	present
primary-biliary-cholangitis-pbc	323	unspecified	unspecified		unspecified	unspecified	present
primary-biliary-cholangitis-pbc	459	unspecified	unspecified		unspecified	unspecified	present
primary-biliary-cholangitis-pbc	470	unspecified	unspecified		unspecified	unspecified	present
primary-biliary-cholangitis-pbc	656	unspecified	unspecified		unspecified	unspecified	present
progressive-supranuclear-palsy-psp	40	unspecified	unspecified		unspecified	unspecified	present
progressive-supranuclear-palsy-psp	47	unspecified	unspecified		unspecified	unspecified	present
progressive-supranuclear-palsy-psp	241	unspecified	unspecified		unspecified	unspecified	present
progressive-supranuclear-palsy-psp	528	unspecified	unspecified		unspecified	unspecified	present
progressive-supranuclear-palsy-psp	534	unspecified	unspecified		unspecified	unspecified	present
progressive-supranuclear-palsy-psp	545	unspecified	unspecified		unspecified	unspecified	present
progressive-supranuclear-palsy-psp	546	unspecified	unspecified		unspecified	unspecified	present
progressive-supranuclear-palsy-psp	565	unspecified	unspecified		unspecified	unspecified	present
progressive-supranuclear-palsy-psp	574	unspecified	unspecified		unspecified	unspecified	present
progressive-supranuclear-palsy-psp	855	unspecified	unspecified		unspecified	unspecified	present
prostate-cancer	79	unspecified	unspecified		unspecified	unspecified	present
prostate-cancer	242	unspecified	unspecified		unspecified	unspecified	present
prostate-cancer	293	unspecified	unspecified		unspecified	unspecified	present
prostate-cancer	594	unspecified	unspecified		unspecified	unspecified	present
prostate-cancer	641	unspecified	unspecified		unspecified	unspecified	present
prostate-cancer	1032	unspecified	unspecified		unspecified	unspecified	present
prostate-cancer	1033	unspecified	unspecified		unspecified	unspecified	present
prostate-cancer	1036	unspecified	unspecified		unspecified	unspecified	present
prostate-cancer	1071	unspecified	unspecified		unspecified	unspecified	present
prostatitis	242	unspecified	unspecified		unspecified	unspecified	present
prostatitis	372	unspecified	unspecified		unspecified	unspecified	present
prostatitis	417	unspecified	unspecified		unspecified	unspecified	present
prostatitis	613	unspecified	unspecified		unspecified	unspecified	present
prostatitis	686	unspecified	unspecified		unspecified	unspecified	present
prostatitis	1036	unspecified	unspecified		unspecified	unspecified	present
psoriasis	107	unspecified	unspecified		unspecified	unspecified	present
psoriasis	197	unspecified	unspecified		unspecified	unspecified	present
psoriasis	578	unspecified	unspecified		unspecified	unspecified	present
psoriasis	579	unspecified	unspecified		unspecified	unspecified	present
psoriasis	580	unspecified	unspecified		unspecified	unspecified	present
psoriasis	581	unspecified	unspecified		unspecified	unspecified	present
psoriasis	792	unspecified	unspecified		unspecified	unspecified	present
psoriasis	795	unspecified	unspecified		unspecified	unspecified	present
psoriasis	828	unspecified	unspecified		unspecified	unspecified	present
psoriasis	836	unspecified	unspecified		unspecified	unspecified	present
psoriasis	1086	unspecified	unspecified		unspecified	unspecified	present
psoriatic-arthritis	281	unspecified	unspecified		unspecified	unspecified	present
psoriatic-arthritis	323	unspecified	unspecified		unspecified	unspecified	present
psoriatic-arthritis	577	unspecified	unspecified		unspecified	unspecified	present
psoriatic-arthritis	636	unspecified	unspecified		unspecified	unspecified	present
psoriatic-arthritis	794	unspecified	unspecified		unspecified	unspecified	present
psoriatic-arthritis	908	unspecified	unspecified		unspecified	unspecified	present
psoriatic-arthritis	955	unspecified	unspecified		unspecified	unspecified	present
psoriatic-arthritis	960	unspecified	unspecified		unspecified	unspecified	present
pubic-lice	48	unspecified	unspecified		unspecified	unspecified	present
pubic-lice	199	unspecified	unspecified		unspecified	unspecified	present
pubic-lice	447	unspecified	unspecified		unspecified	unspecified	present
pudendal-neuralgia	293	unspecified	unspecified		unspecified	unspecified	present
pudendal-neuralgia	370	unspecified	unspecified		unspecified	unspecified	present
pudendal-neuralgia	431	unspecified	unspecified		unspecified	unspecified	present
pudendal-neuralgia	432	unspecified	unspecified		unspecified	unspecified	present
pudendal-neuralgia	613	unspecified	unspecified		unspecified	unspecified	present
pudendal-neuralgia	665	unspecified	unspecified		unspecified	unspecified	present
pulmonary-embolism	134	unspecified	unspecified		unspecified	unspecified	present
pulmonary-embolism	173	unspecified	unspecified		unspecified	unspecified	present
pulmonary-embolism	638	unspecified	unspecified		unspecified	unspecified	present
pulmonary-embolism	939	unspecified	unspecified		unspecified	unspecified	present
pulmonary-hypertension	71	unspecified	unspecified		unspecified	unspecified	present
pulmonary-hypertension	260	unspecified	unspecified		unspecified	unspecified	present
pulmonary-hypertension	608	unspecified	unspecified		unspecified	unspecified	present
pulmonary-hypertension	621	unspecified	unspecified		unspecified	unspecified	present
pulmonary-hypertension	676	unspecified	unspecified		unspecified	unspecified	present
pyoderma-gangrenosum	352	unspecified	unspecified		unspecified	unspecified	present
pyoderma-gangrenosum	417	unspecified	unspecified		unspecified	unspecified	present
pyoderma-gangrenosum	466	unspecified	unspecified		unspecified	unspecified	present
pyoderma-gangrenosum	559	unspecified	unspecified		unspecified	unspecified	present
pyoderma-gangrenosum	901	unspecified	unspecified		unspecified	unspecified	present
pyoderma-gangrenosum	1009	unspecified	unspecified		unspecified	unspecified	present
pyoderma-gangrenosum	1012	unspecified	unspecified		unspecified	unspecified	present
q-fever	323	unspecified	unspecified		unspecified	unspecified	present
q-fever	350	unspecified	unspecified		unspecified	unspecified	present
q-fever	417	unspecified	unspecified		unspecified	unspecified	present
q-fever	466	unspecified	unspecified		unspecified	unspecified	present
q-fever	559	unspecified	unspecified		unspecified	unspecified	present
q-fever	585	unspecified	unspecified		unspecified	unspecified	present
q-fever	868	unspecified	unspecified		unspecified	unspecified	present
q-fever	956	unspecified	unspecified		unspecified	unspecified	present
rabies	21	unspecified	unspecified		unspecified	unspecified	present
rabies	215	unspecified	unspecified		unspecified	unspecified	present
rabies	241	unspecified	unspecified		unspecified	unspecified	present
rabies	393	unspecified	unspecified		unspecified	unspecified	present
rabies	600	unspecified	unspecified		unspecified	unspecified	present
rabies	677	unspecified	unspecified		unspecified	unspecified	present
rabies	994	unspecified	unspecified		unspecified	unspecified	present
reactive-arthritis	323	unspecified	unspecified		unspecified	unspecified	present
reactive-arthritis	341	unspecified	unspecified		unspecified	unspecified	present
reactive-arthritis	473	unspecified	unspecified		unspecified	unspecified	present
reactive-arthritis	477	unspecified	unspecified		unspecified	unspecified	present
reactive-arthritis	636	unspecified	unspecified		unspecified	unspecified	present
reactive-arthritis	665	unspecified	unspecified		unspecified	unspecified	present
reactive-arthritis	690	unspecified	unspecified		unspecified	unspecified	present
reactive-arthritis	750	unspecified	unspecified		unspecified	unspecified	present
reactive-arthritis	866	unspecified	unspecified		unspecified	unspecified	present
reactive-arthritis	900	unspecified	unspecified		unspecified	unspecified	present
reactive-arthritis	908	unspecified	unspecified		unspecified	unspecified	present
reactive-arthritis	1011	unspecified	unspecified		unspecified	unspecified	present
repetitive-strain-injury-rsi	14	unspecified	unspecified		unspecified	unspecified	present
repetitive-strain-injury-rsi	122	unspecified	unspecified		unspecified	unspecified	present
repetitive-strain-injury-rsi	179	unspecified	unspecified		unspecified	unspecified	present
repetitive-strain-injury-rsi	565	unspecified	unspecified		unspecified	unspecified	present
repetitive-strain-injury-rsi	574	unspecified	unspecified		unspecified	unspecified	present
repetitive-strain-injury-rsi	909	unspecified	unspecified		unspecified	unspecified	present
repetitive-strain-injury-rsi	990	unspecified	unspecified		unspecified	unspecified	present
respiratory-tract-infection	171	unspecified	unspecified		unspecified	unspecified	present
respiratory-tract-infection	371	unspecified	unspecified		unspecified	unspecified	present
respiratory-tract-infection	417	unspecified	unspecified		unspecified	unspecified	present
respiratory-tract-infection	466	unspecified	unspecified		unspecified	unspecified	present
respiratory-tract-infection	559	unspecified	unspecified		unspecified	unspecified	present
respiratory-tract-infection	784	unspecified	unspecified		unspecified	unspecified	present
respiratory-tract-infection	868	unspecified	unspecified		unspecified	unspecified	present
restless-legs-syndrome	486	unspecified	unspecified		unspecified	unspecified	present
restless-legs-syndrome	638	unspecified	unspecified		unspecified	unspecified	present
restless-legs-syndrome	777	unspecified	unspecified		unspecified	unspecified	present
restless-legs-syndrome	939	unspecified	unspecified		unspecified	unspecified	present
retinal-ocular-migraine	61	unspecified	unspecified		unspecified	unspecified	present
retinal-ocular-migraine	399	unspecified	unspecified		unspecified	unspecified	present
retinal-ocular-migraine	585	unspecified	unspecified		unspecified	unspecified	present
retinal-ocular-migraine	1044	unspecified	unspecified		unspecified	unspecified	present
retinal-ocular-migraine	1045	unspecified	unspecified		unspecified	unspecified	present
retinal-ocular-migraine	1053	unspecified	unspecified		unspecified	unspecified	present
retinoblastoma	308	unspecified	unspecified		unspecified	unspecified	present
retinoblastoma	554	unspecified	unspecified		unspecified	unspecified	present
retinoblastoma	624	unspecified	unspecified		unspecified	unspecified	present
retinoblastoma	895	unspecified	unspecified		unspecified	unspecified	present
retinoblastoma	1046	unspecified	unspecified		unspecified	unspecified	present
retinoblastoma	1075	unspecified	unspecified		unspecified	unspecified	present
reyes-syndrome	165	unspecified	unspecified		unspecified	unspecified	present
reyes-syndrome	270	unspecified	unspecified		unspecified	unspecified	present
reyes-syndrome	322	unspecified	unspecified		unspecified	unspecified	present
reyes-syndrome	325	unspecified	unspecified		unspecified	unspecified	present
reyes-syndrome	408	unspecified	unspecified		unspecified	unspecified	present
reyes-syndrome	797	unspecified	unspecified		unspecified	unspecified	present
reyes-syndrome	1053	unspecified	unspecified		unspecified	unspecified	present
rheumatic-fever	100	unspecified	unspecified		unspecified	unspecified	present
rheumatic-fever	134	unspecified	unspecified		unspecified	unspecified	present
rheumatic-fever	417	unspecified	unspecified		unspecified	unspecified	present
rheumatic-fever	470	unspecified	unspecified		unspecified	unspecified	present
rheumatic-fever	475	unspecified	unspecified		unspecified	unspecified	present
rheumatic-fever	764	unspecified	unspecified		unspecified	unspecified	present
rheumatic-fever	998	unspecified	unspecified		unspecified	unspecified	present
rheumatic-fever	1015	unspecified	unspecified		unspecified	unspecified	present
rheumatoid-arthritis	272	unspecified	unspecified		unspecified	unspecified	present
rheumatoid-arthritis	323	unspecified	unspecified		unspecified	unspecified	present
rheumatoid-arthritis	417	unspecified	unspecified		unspecified	unspecified	present
rheumatoid-arthritis	472	unspecified	unspecified		unspecified	unspecified	present
rheumatoid-arthritis	621	unspecified	unspecified		unspecified	unspecified	present
rheumatoid-arthritis	712	unspecified	unspecified		unspecified	unspecified	present
rheumatoid-arthritis	1071	unspecified	unspecified		unspecified	unspecified	present
rickets-and-osteomalacia	90	unspecified	unspecified		unspecified	unspecified	present
rickets-and-osteomalacia	91	unspecified	unspecified		unspecified	unspecified	present
rickets-and-osteomalacia	216	unspecified	unspecified		unspecified	unspecified	present
rickets-and-osteomalacia	243	unspecified	unspecified		unspecified	unspecified	present
rickets-and-osteomalacia	359	unspecified	unspecified		unspecified	unspecified	present
rickets-and-osteomalacia	561	unspecified	unspecified		unspecified	unspecified	present
rickets-and-osteomalacia	567	unspecified	unspecified		unspecified	unspecified	present
rickets-and-osteomalacia	666	unspecified	unspecified		unspecified	unspecified	present
rickets-and-osteomalacia	962	unspecified	unspecified		unspecified	unspecified	present
rickets-and-osteomalacia	1056	unspecified	unspecified		unspecified	unspecified	present
ringworm	738	unspecified	unspecified		unspecified	unspecified	present
ringworm	762	unspecified	unspecified		unspecified	unspecified	present
ringworm	838	unspecified	unspecified		unspecified	unspecified	present
rosacea	123	unspecified	unspecified		unspecified	unspecified	present
rosacea	271	unspecified	unspecified		unspecified	unspecified	present
rosacea	315	unspecified	unspecified		unspecified	unspecified	present
rosacea	457	unspecified	unspecified		unspecified	unspecified	present
rosacea	762	unspecified	unspecified		unspecified	unspecified	present
rosacea	769	unspecified	unspecified		unspecified	unspecified	present
rosacea	865	unspecified	unspecified		unspecified	unspecified	present
rosacea	985	unspecified	unspecified		unspecified	unspecified	present
rosacea	1085	unspecified	unspecified		unspecified	unspecified	present
rubella	11	unspecified	unspecified		unspecified	unspecified	present
rubella	12	unspecified	unspecified		unspecified	unspecified	present
rubella	13	unspecified	unspecified		unspecified	unspecified	present
rubella	417	unspecified	unspecified		unspecified	unspecified	present
rubella	738	unspecified	unspecified		unspecified	unspecified	present
rubella	750	unspecified	unspecified		unspecified	unspecified	present
rubella	784	unspecified	unspecified		unspecified	unspecified	present
rubella	866	unspecified	unspecified		unspecified	unspecified	present
rubella	868	unspecified	unspecified		unspecified	unspecified	present
rubella	894	unspecified	unspecified		unspecified	unspecified	present
salivary-gland-stones	613	unspecified	unspecified		severe	unspecified	present
salivary-gland-stones	941	unspecified	unspecified		unspecified	unspecified	present
salivary-gland-stones	1003	unspecified	unspecified		unspecified	unspecified	present
sarcoidosis	74	unspecified	unspecified		unspecified	unspecified	present
sarcoidosis	90	unspecified	unspecified		unspecified	unspecified	present
sarcoidosis	323	unspecified	unspecified		unspecified	unspecified	present
sarcoidosis	408	unspecified	unspecified		unspecified	unspecified	present
sarcoidosis	470	unspecified	unspecified		unspecified	unspecified	present
sarcoidosis	475	unspecified	unspecified		unspecified	unspecified	present
sarcoidosis	621	unspecified	unspecified		unspecified	unspecified	present
sarcoidosis	761	unspecified	unspecified		unspecified	unspecified	present
sarcoidosis	956	unspecified	unspecified		unspecified	unspecified	present
sarcoidosis	967	unspecified	unspecified		unspecified	unspecified	present
sarcoidosis	1064	unspecified	unspecified		unspecified	unspecified	present
scarlet-fever	736	unspecified	unspecified		unspecified	unspecified	present
scarlet-fever	745	unspecified	unspecified		unspecified	unspecified	present
scarlet-fever	762	unspecified	unspecified		unspecified	unspecified	present
scarlet-fever	787	unspecified	unspecified		unspecified	unspecified	present
scarlet-fever	837	unspecified	unspecified		unspecified	unspecified	present
scarlet-fever	838	unspecified	unspecified		unspecified	unspecified	present
scarlet-fever	917	unspecified	unspecified		unspecified	unspecified	present
scarlet-fever	1074	unspecified	unspecified		unspecified	unspecified	present
schistosomiasis	79	unspecified	unspecified		unspecified	unspecified	present
schistosomiasis	82	unspecified	unspecified		unspecified	unspecified	present
schistosomiasis	171	unspecified	unspecified		unspecified	unspecified	present
schistosomiasis	323	unspecified	unspecified		unspecified	unspecified	present
schistosomiasis	334	unspecified	unspecified		unspecified	unspecified	present
schistosomiasis	399	unspecified	unspecified		unspecified	unspecified	present
schistosomiasis	460	unspecified	unspecified		unspecified	unspecified	present
schistosomiasis	471	unspecified	unspecified		unspecified	unspecified	present
schistosomiasis	562	unspecified	unspecified		unspecified	unspecified	present
schistosomiasis	585	unspecified	unspecified		unspecified	unspecified	present
schistosomiasis	738	unspecified	unspecified		unspecified	unspecified	present
schistosomiasis	1007	unspecified	unspecified		unspecified	unspecified	present
schistosomiasis	1040	unspecified	unspecified		unspecified	unspecified	present
schistosomiasis	1080	unspecified	unspecified		unspecified	unspecified	present
sciatica	613	unspecified	unspecified		unspecified	worsening	present
sciatica	617	unspecified	unspecified		unspecified	unspecified	present
sciatica	638	unspecified	unspecified		unspecified	unspecified	present
scoliosis	191	unspecified	unspecified		unspecified	unspecified	present
scoliosis	485	unspecified	unspecified		unspecified	unspecified	present
scoliosis	617	unspecified	unspecified		unspecified	unspecified	present
scoliosis	781	unspecified	unspecified		unspecified	unspecified	present
scoliosis	1019	unspecified	unspecified		unspecified	unspecified	present
scurvy	53	unspecified	unspecified		unspecified	unspecified	present
scurvy	108	unspecified	unspecified		unspecified	unspecified	present
scurvy	323	unspecified	unspecified		unspecified	unspecified	present
scurvy	333	unspecified	unspecified		unspecified	unspecified	present
scurvy	636	unspecified	unspecified		unspecified	unspecified	present
scurvy	643	unspecified	unspecified		unspecified	unspecified	present
scurvy	785	unspecified	unspecified		unspecified	unspecified	present
scurvy	840	unspecified	unspecified		unspecified	unspecified	present
scurvy	957	unspecified	unspecified		unspecified	unspecified	present
sepsis	5	unspecified	unspecified		unspecified	unspecified	present
sepsis	93	unspecified	unspecified		unspecified	unspecified	present
sepsis	165	unspecified	unspecified		unspecified	unspecified	present
sepsis	192	unspecified	unspecified		unspecified	unspecified	present
sepsis	214	unspecified	unspecified		unspecified	unspecified	present
sepsis	215	unspecified	unspecified		unspecified	unspecified	present
sepsis	242	unspecified	unspecified		unspecified	unspecified	present
sepsis	269	unspecified	unspecified		unspecified	unspecified	present
sepsis	300	unspecified	unspecified		severe	unspecified	present
sepsis	322	unspecified	unspecified		unspecified	unspecified	present
sepsis	323	unspecified	unspecified		unspecified	unspecified	present
sepsis	404	unspecified	unspecified		unspecified	unspecified	present
sepsis	417	unspecified	unspecified		unspecified	unspecified	present
sepsis	466	unspecified	unspecified		unspecified	unspecified	present
sepsis	559	unspecified	unspecified		unspecified	unspecified	present
sepsis	588	unspecified	unspecified		unspecified	unspecified	present
sepsis	597	unspecified	unspecified		unspecified	unspecified	present
sepsis	599	unspecified	unspecified		unspecified	unspecified	present
sepsis	738	unspecified	unspecified		unspecified	unspecified	present
sepsis	797	unspecified	unspecified		unspecified	unspecified	present
sepsis	816	unspecified	unspecified		unspecified	unspecified	present
sepsis	855	unspecified	unspecified		unspecified	unspecified	present
sepsis	856	unspecified	unspecified		unspecified	unspecified	present
sepsis	1027	unspecified	unspecified		unspecified	unspecified	present
sepsis	1053	unspecified	unspecified		unspecified	unspecified	present
shin-splints	814	unspecified	unspecified		unspecified	unspecified	present
shin-splints	976	unspecified	unspecified		unspecified	unspecified	present
shingles	613	unspecified	unspecified		unspecified	unspecified	present
shingles	647	unspecified	unspecified		unspecified	unspecified	present
shingles	738	unspecified	unspecified		unspecified	unspecified	present
shingles	838	unspecified	unspecified		unspecified	unspecified	present
shingles	842	unspecified	unspecified		unspecified	unspecified	present
shingles	1029	unspecified	unspecified		unspecified	unspecified	present
short-sightedness	307	unspecified	unspecified		unspecified	unspecified	present
short-sightedness	399	unspecified	unspecified		unspecified	unspecified	present
short-sightedness	1045	unspecified	unspecified		unspecified	unspecified	present
sick-building-syndrome	271	unspecified	unspecified		unspecified	unspecified	present
sick-building-syndrome	273	unspecified	unspecified		unspecified	unspecified	present
sick-building-syndrome	282	unspecified	unspecified		unspecified	unspecified	present
sick-building-syndrome	323	unspecified	unspecified		unspecified	unspecified	present
sick-building-syndrome	457	unspecified	unspecified		unspecified	unspecified	present
sick-building-syndrome	584	unspecified	unspecified		unspecified	unspecified	present
sick-building-syndrome	838	unspecified	unspecified		unspecified	unspecified	present
sick-building-syndrome	862	unspecified	unspecified		unspecified	unspecified	present
sick-building-syndrome	867	unspecified	unspecified		unspecified	unspecified	present
sick-building-syndrome	868	unspecified	unspecified		unspecified	unspecified	present
sickle-cell-disease	613	unspecified	unspecified		unspecified	unspecified	present
silicosis	171	unspecified	unspecified		unspecified	unspecified	present
silicosis	323	unspecified	unspecified		unspecified	unspecified	present
silicosis	533	unspecified	unspecified		unspecified	unspecified	present
sinusitis-sinus-infection	37	unspecified	unspecified		unspecified	unspecified	present
sinusitis-sinus-infection	38	unspecified	unspecified		unspecified	unspecified	present
sinusitis-sinus-infection	160	unspecified	unspecified		unspecified	unspecified	present
sinusitis-sinus-infection	167	unspecified	unspecified		unspecified	unspecified	present
sinusitis-sinus-infection	171	unspecified	unspecified		unspecified	unspecified	present
sinusitis-sinus-infection	286	unspecified	unspecified		unspecified	unspecified	present
sinusitis-sinus-infection	311	unspecified	unspecified		unspecified	unspecified	present
sinusitis-sinus-infection	314	unspecified	unspecified		unspecified	unspecified	present
sinusitis-sinus-infection	399	unspecified	unspecified		unspecified	unspecified	present
sinusitis-sinus-infection	417	unspecified	unspecified		unspecified	unspecified	present
sinusitis-sinus-infection	540	unspecified	unspecified		unspecified	unspecified	present
sinusitis-sinus-infection	784	unspecified	unspecified		unspecified	unspecified	present
sinusitis-sinus-infection	974	unspecified	unspecified		unspecified	unspecified	present
sinusitis-sinus-infection	1052	unspecified	unspecified		unspecified	unspecified	present
sjogrens-syndrome	171	unspecified	unspecified		unspecified	unspecified	present
sjogrens-syndrome	241	unspecified	unspecified		unspecified	unspecified	present
sjogrens-syndrome	271	unspecified	unspecified		unspecified	unspecified	present
sjogrens-syndrome	272	unspecified	unspecified		unspecified	unspecified	present
sjogrens-syndrome	277	unspecified	unspecified		unspecified	unspecified	present
sjogrens-syndrome	284	unspecified	unspecified		unspecified	unspecified	present
sjogrens-syndrome	323	unspecified	unspecified		unspecified	unspecified	present
sjogrens-syndrome	419	unspecified	unspecified		unspecified	unspecified	present
sjogrens-syndrome	457	unspecified	unspecified		unspecified	unspecified	present
sjogrens-syndrome	466	unspecified	unspecified		unspecified	unspecified	present
sjogrens-syndrome	559	unspecified	unspecified		unspecified	unspecified	present
sjogrens-syndrome	883	unspecified	unspecified		unspecified	unspecified	present
skin-abscess	7	unspecified	unspecified		unspecified	unspecified	present
skin-abscess	828	unspecified	unspecified		unspecified	unspecified	present
slapped-cheek-syndrome	399	unspecified	unspecified		unspecified	unspecified	present
slapped-cheek-syndrome	417	unspecified	unspecified		unspecified	unspecified	present
slapped-cheek-syndrome	526	unspecified	unspecified		unspecified	unspecified	present
slapped-cheek-syndrome	784	unspecified	unspecified		unspecified	unspecified	present
slapped-cheek-syndrome	868	unspecified	unspecified		unspecified	unspecified	present
sleep-apnoea	27	unspecified	unspecified		unspecified	unspecified	present
sleep-apnoea	164	unspecified	unspecified		unspecified	unspecified	present
sleep-apnoea	323	unspecified	unspecified		unspecified	unspecified	present
sleep-apnoea	399	unspecified	unspecified		unspecified	unspecified	present
sleep-apnoea	438	unspecified	unspecified		unspecified	unspecified	present
sleep-apnoea	508	unspecified	unspecified		unspecified	unspecified	present
sleep-apnoea	537	unspecified	unspecified		unspecified	unspecified	present
sleep-apnoea	585	unspecified	unspecified		unspecified	unspecified	present
sleep-apnoea	595	unspecified	unspecified		unspecified	unspecified	present
sleep-apnoea	696	unspecified	unspecified		unspecified	unspecified	present
slipped-disc	571	unspecified	unspecified		unspecified	unspecified	present
slipped-disc	600	unspecified	unspecified		unspecified	unspecified	present
slipped-disc	617	unspecified	unspecified		unspecified	unspecified	present
slipped-disc	905	unspecified	unspecified		unspecified	unspecified	present
slipped-disc	994	unspecified	unspecified		unspecified	unspecified	present
spina-bifida	427	unspecified	unspecified		unspecified	unspecified	present
spina-bifida	571	unspecified	unspecified		unspecified	unspecified	present
spina-bifida	600	unspecified	unspecified		unspecified	unspecified	present
spina-bifida	604	unspecified	unspecified		unspecified	unspecified	present
spina-bifida	677	unspecified	unspecified		unspecified	unspecified	present
spinal-muscular-atrophy-sma	215	unspecified	unspecified		unspecified	unspecified	present
spinal-muscular-atrophy-sma	241	unspecified	unspecified		unspecified	unspecified	present
spinal-muscular-atrophy-sma	552	unspecified	unspecified		unspecified	unspecified	present
spinal-muscular-atrophy-sma	568	unspecified	unspecified		unspecified	unspecified	present
spinal-muscular-atrophy-sma	571	unspecified	unspecified		unspecified	unspecified	present
spondylolisthesis	617	unspecified	unspecified		unspecified	unspecified	present
spondylolisthesis	618	unspecified	unspecified		unspecified	unspecified	present
spondylolisthesis	652	unspecified	unspecified		unspecified	unspecified	present
spondylolisthesis	992	unspecified	unspecified		unspecified	unspecified	present
stammering	259	unspecified	unspecified		unspecified	unspecified	present
stammering	336	unspecified	unspecified		unspecified	unspecified	present
stammering	683	unspecified	unspecified		unspecified	unspecified	present
stammering	724	unspecified	unspecified		unspecified	unspecified	present
stammering	898	unspecified	unspecified		unspecified	unspecified	present
stevens-johnson-syndrome	212	unspecified	unspecified		unspecified	unspecified	present
stevens-johnson-syndrome	613	unspecified	unspecified		unspecified	unspecified	present
stevens-johnson-syndrome	624	unspecified	unspecified		unspecified	unspecified	present
stevens-johnson-syndrome	653	unspecified	unspecified		unspecified	unspecified	present
stevens-johnson-syndrome	740	unspecified	unspecified		unspecified	worsening	present
stevens-johnson-syndrome	801	unspecified	unspecified		unspecified	unspecified	present
stevens-johnson-syndrome	838	unspecified	unspecified		unspecified	unspecified	present
stevens-johnson-syndrome	1054	unspecified	unspecified		unspecified	unspecified	present
stomach-cancer	29	unspecified	unspecified		unspecified	unspecified	present
stomach-cancer	126	unspecified	unspecified		unspecified	unspecified	present
stomach-cancer	241	unspecified	unspecified		unspecified	unspecified	present
stomach-cancer	323	unspecified	unspecified		unspecified	unspecified	present
stomach-cancer	409	unspecified	unspecified		unspecified	unspecified	present
stomach-cancer	433	unspecified	unspecified		unspecified	unspecified	present
stomach-cancer	585	unspecified	unspecified		unspecified	unspecified	present
stomach-cancer	614	unspecified	unspecified		unspecified	unspecified	present
stomach-cancer	788	unspecified	unspecified		unspecified	unspecified	present
stomach-cancer	1053	unspecified	unspecified		unspecified	unspecified	present
stomach-ulcer	71	unspecified	unspecified		unspecified	unspecified	present
stomach-ulcer	119	unspecified	unspecified		unspecified	unspecified	present
stomach-ulcer	433	unspecified	unspecified		unspecified	unspecified	present
stomach-ulcer	655	unspecified	unspecified		unspecified	unspecified	present
stomach-ulcer	656	unspecified	unspecified		unspecified	unspecified	present
stroke	85	unspecified	unspecified		unspecified	unspecified	present
stroke	165	unspecified	unspecified		unspecified	unspecified	present
stroke	256	unspecified	unspecified		unspecified	unspecified	present
stroke	260	unspecified	unspecified		unspecified	unspecified	present
stroke	400	unspecified	unspecified		severe	unspecified	present
stroke	585	unspecified	unspecified		unspecified	unspecified	present
stroke	600	unspecified	unspecified		unspecified	unspecified	present
stroke	855	unspecified	unspecified		unspecified	unspecified	present
stroke	1045	unspecified	unspecified		unspecified	unspecified	present
stroke	1053	unspecified	unspecified		unspecified	unspecified	present
stroke	1066	unspecified	unspecified		unspecified	unspecified	present
subarachnoid-haemorrhage	89	unspecified	unspecified		unspecified	unspecified	present
subarachnoid-haemorrhage	165	unspecified	unspecified		unspecified	unspecified	present
subarachnoid-haemorrhage	312	unspecified	unspecified		unspecified	unspecified	present
subarachnoid-haemorrhage	323	unspecified	unspecified		unspecified	unspecified	present
subarachnoid-haemorrhage	399	unspecified	unspecified		unspecified	unspecified	present
subarachnoid-haemorrhage	585	unspecified	unspecified		unspecified	unspecified	present
subarachnoid-haemorrhage	797	unspecified	unspecified		unspecified	unspecified	present
subarachnoid-haemorrhage	802	unspecified	unspecified		unspecified	unspecified	present
subarachnoid-haemorrhage	803	unspecified	unspecified		unspecified	unspecified	present
subarachnoid-haemorrhage	903	unspecified	unspecified		unspecified	unspecified	present
subarachnoid-haemorrhage	1053	unspecified	unspecified		unspecified	unspecified	present
sunburn	70	unspecified	unspecified		unspecified	unspecified	present
sunburn	334	unspecified	unspecified		unspecified	unspecified	present
sunburn	685	unspecified	unspecified		unspecified	unspecified	present
sunburn	757	unspecified	unspecified		unspecified	unspecified	present
sunburn	871	unspecified	unspecified		unspecified	unspecified	present
sunburn	970	unspecified	unspecified		unspecified	unspecified	present
supraventricular-tachycardia-svt	260	unspecified	unspecified		unspecified	unspecified	present
supraventricular-tachycardia-svt	323	unspecified	unspecified		unspecified	unspecified	present
supraventricular-tachycardia-svt	350	unspecified	unspecified		unspecified	unspecified	present
supraventricular-tachycardia-svt	585	unspecified	unspecified		unspecified	unspecified	present
supraventricular-tachycardia-svt	621	unspecified	unspecified		unspecified	unspecified	present
syphilis	350	unspecified	unspecified		unspecified	unspecified	present
syphilis	383	unspecified	unspecified		unspecified	unspecified	present
syphilis	681	unspecified	unspecified		unspecified	unspecified	present
syphilis	682	unspecified	unspecified		unspecified	unspecified	present
syphilis	880	unspecified	unspecified		unspecified	unspecified	present
syphilis	881	unspecified	unspecified		unspecified	unspecified	present
syphilis	956	unspecified	unspecified		unspecified	unspecified	present
temporal-arteritis	400	unspecified	unspecified		severe	unspecified	present
temporal-arteritis	635	unspecified	unspecified		unspecified	unspecified	present
temporal-arteritis	643	unspecified	unspecified		unspecified	unspecified	present
temporal-arteritis	909	unspecified	unspecified		unspecified	unspecified	present
temporal-arteritis	977	unspecified	unspecified		unspecified	unspecified	present
temporal-arteritis	1046	unspecified	unspecified		unspecified	unspecified	present
temporal-arteritis	1071	unspecified	unspecified		unspecified	unspecified	present
temporomandibular-disorder-tmd	143	unspecified	unspecified		unspecified	unspecified	present
temporomandibular-disorder-tmd	379	unspecified	unspecified		unspecified	unspecified	present
temporomandibular-disorder-tmd	402	unspecified	unspecified		unspecified	unspecified	present
temporomandibular-disorder-tmd	622	unspecified	unspecified		unspecified	unspecified	present
temporomandibular-disorder-tmd	635	unspecified	unspecified		unspecified	unspecified	present
temporomandibular-disorder-tmd	649	unspecified	unspecified		unspecified	unspecified	present
temporomandibular-disorder-tmd	716	unspecified	unspecified		unspecified	unspecified	present
tendonitis	236	unspecified	unspecified		unspecified	unspecified	present
tendonitis	467	unspecified	unspecified		unspecified	unspecified	present
tendonitis	468	unspecified	unspecified		unspecified	unspecified	present
tendonitis	650	unspecified	unspecified		unspecified	unspecified	present
tendonitis	717	unspecified	unspecified		unspecified	unspecified	present
tendonitis	771	unspecified	unspecified		unspecified	unspecified	present
tendonitis	950	unspecified	unspecified		unspecified	unspecified	present
tennis-elbow	238	unspecified	unspecified		unspecified	unspecified	present
tennis-elbow	240	unspecified	unspecified		unspecified	unspecified	present
tennis-elbow	613	unspecified	unspecified		unspecified	unspecified	present
tennis-elbow	616	unspecified	unspecified		unspecified	unspecified	present
tennis-elbow	623	unspecified	unspecified		unspecified	unspecified	present
tennis-elbow	627	unspecified	unspecified		unspecified	unspecified	present
tennis-elbow	932	unspecified	unspecified		unspecified	unspecified	present
tennis-elbow	972	unspecified	unspecified		unspecified	unspecified	present
tension-headaches	399	unspecified	unspecified		unspecified	unspecified	present
tension-headaches	632	unspecified	unspecified		unspecified	unspecified	present
tension-headaches	975	unspecified	unspecified		unspecified	unspecified	present
tension-headaches	980	unspecified	unspecified		unspecified	unspecified	present
tetanus	179	unspecified	unspecified		unspecified	unspecified	present
tetanus	241	unspecified	unspecified		unspecified	unspecified	present
tetanus	408	unspecified	unspecified		unspecified	unspecified	present
tetanus	417	unspecified	unspecified		unspecified	unspecified	present
tetanus	797	unspecified	unspecified		unspecified	unspecified	present
tetanus	907	unspecified	unspecified		unspecified	unspecified	present
thoracic-outlet-syndrome	154	unspecified	unspecified		unspecified	unspecified	present
thoracic-outlet-syndrome	156	unspecified	unspecified		unspecified	unspecified	present
thoracic-outlet-syndrome	251	unspecified	unspecified		unspecified	unspecified	present
thoracic-outlet-syndrome	324	unspecified	unspecified		unspecified	unspecified	present
thoracic-outlet-syndrome	616	unspecified	unspecified		unspecified	unspecified	present
thoracic-outlet-syndrome	928	unspecified	unspecified		unspecified	unspecified	present
thrombophilia	173	unspecified	unspecified		unspecified	unspecified	present
thyroid-cancer	171	unspecified	unspecified		unspecified	unspecified	present
thyroid-cancer	211	unspecified	unspecified		unspecified	unspecified	present
thyroid-cancer	215	unspecified	unspecified		unspecified	unspecified	present
thyroid-cancer	241	unspecified	unspecified		unspecified	unspecified	present
thyroid-cancer	354	unspecified	unspecified		unspecified	unspecified	present
thyroid-cancer	419	unspecified	unspecified		unspecified	unspecified	present
thyroid-cancer	518	unspecified	unspecified		unspecified	unspecified	present
thyroid-cancer	644	unspecified	unspecified		unspecified	unspecified	present
thyroid-cancer	868	unspecified	unspecified		unspecified	unspecified	present
thyroid-cancer	1071	unspecified	unspecified		unspecified	unspecified	present
tinnitus	31	unspecified	unspecified		unspecified	unspecified	present
tinnitus	406	unspecified	unspecified		unspecified	unspecified	present
tinnitus	997	unspecified	unspecified		unspecified	unspecified	present
tongue-tie	138	unspecified	unspecified		unspecified	unspecified	present
tongue-tie	175	unspecified	unspecified		unspecified	unspecified	present
tongue-tie	237	unspecified	unspecified		unspecified	unspecified	present
tongue-tie	265	unspecified	unspecified		unspecified	unspecified	present
tongue-tie	330	unspecified	unspecified		unspecified	unspecified	present
tongue-tie	407	unspecified	unspecified		unspecified	unspecified	present
tongue-tie	548	unspecified	unspecified		unspecified	unspecified	present
tongue-tie	620	unspecified	unspecified		unspecified	unspecified	present
tongue-tie	725	unspecified	unspecified		unspecified	unspecified	present
tongue-tie	875	unspecified	unspecified		unspecified	unspecified	present
tongue-tie	1071	unspecified	unspecified		unspecified	unspecified	present
tonsillitis	37	unspecified	unspecified		unspecified	unspecified	present
tonsillitis	38	unspecified	unspecified		unspecified	unspecified	present
tonsillitis	241	unspecified	unspecified		unspecified	unspecified	present
tonsillitis	323	unspecified	unspecified		unspecified	unspecified	present
tonsillitis	399	unspecified	unspecified		unspecified	unspecified	present
tonsillitis	417	unspecified	unspecified		unspecified	unspecified	present
tonsillitis	585	unspecified	unspecified		unspecified	unspecified	present
tonsillitis	868	unspecified	unspecified		unspecified	unspecified	present
tonsillitis	956	unspecified	unspecified		unspecified	unspecified	present
tonsillitis	1053	unspecified	unspecified		unspecified	unspecified	present
tonsillitis	1079	unspecified	unspecified		unspecified	unspecified	present
tooth-decay	804	unspecified	unspecified		unspecified	unspecified	present
tooth-decay	892	unspecified	unspecified		unspecified	unspecified	present
tooth-decay	1003	unspecified	unspecified		unspecified	unspecified	present
toxic-shock-syndrome	350	unspecified	unspecified		unspecified	unspecified	present
toxic-shock-syndrome	417	unspecified	unspecified		unspecified	unspecified	present
toxic-shock-syndrome	466	unspecified	unspecified		unspecified	unspecified	present
toxic-shock-syndrome	559	unspecified	unspecified		unspecified	unspecified	present
toxic-shock-syndrome	787	unspecified	unspecified		unspecified	unspecified	present
toxocariasis	417	unspecified	unspecified		unspecified	unspecified	present
toxocariasis	459	unspecified	unspecified		unspecified	unspecified	present
toxocariasis	751	unspecified	unspecified		unspecified	unspecified	present
toxocariasis	912	unspecified	unspecified		unspecified	unspecified	present
toxocariasis	1044	unspecified	unspecified		unspecified	unspecified	present
toxocariasis	1045	unspecified	unspecified		unspecified	unspecified	present
toxocariasis	1064	unspecified	unspecified		unspecified	unspecified	present
toxoplasmosis	8	unspecified	unspecified		unspecified	unspecified	present
toxoplasmosis	84	unspecified	unspecified		unspecified	unspecified	present
toxoplasmosis	323	unspecified	unspecified		unspecified	unspecified	present
toxoplasmosis	350	unspecified	unspecified		unspecified	unspecified	present
toxoplasmosis	417	unspecified	unspecified		unspecified	unspecified	present
toxoplasmosis	585	unspecified	unspecified		unspecified	unspecified	present
toxoplasmosis	855	unspecified	unspecified		unspecified	unspecified	present
toxoplasmosis	868	unspecified	unspecified		unspecified	unspecified	present
toxoplasmosis	956	unspecified	unspecified		unspecified	unspecified	present
toxoplasmosis	1023	unspecified	unspecified		unspecified	unspecified	present
toxoplasmosis	1053	unspecified	unspecified		unspecified	unspecified	present
transient-ischaemic-attack-tia	267	unspecified	unspecified		unspecified	unspecified	present
transient-ischaemic-attack-tia	601	unspecified	unspecified		unspecified	unspecified	present
transient-ischaemic-attack-tia	888	unspecified	unspecified		unspecified	unspecified	present
transient-ischaemic-attack-tia	1067	unspecified	unspecified		unspecified	unspecified	present
trichomoniasis	242	unspecified	unspecified		unspecified	unspecified	present
trichomoniasis	249	unspecified	unspecified		unspecified	unspecified	present
trichomoniasis	372	unspecified	unspecified		unspecified	unspecified	present
trichomoniasis	665	unspecified	unspecified		unspecified	unspecified	present
trichomoniasis	686	unspecified	unspecified		unspecified	unspecified	present
trichomoniasis	687	unspecified	unspecified		unspecified	unspecified	present
trichomoniasis	877	unspecified	unspecified		unspecified	unspecified	present
trichomoniasis	1007	unspecified	unspecified		unspecified	unspecified	present
trichomoniasis	1039	unspecified	unspecified		unspecified	unspecified	present
trigeminal-neuralgia	613	unspecified	unspecified		unspecified	unspecified	present
trigeminal-neuralgia	800	unspecified	unspecified		unspecified	unspecified	present
trigger-finger	30	unspecified	unspecified		unspecified	unspecified	present
trigger-finger	395	unspecified	unspecified		unspecified	unspecified	present
trigger-finger	631	unspecified	unspecified		unspecified	unspecified	present
trigger-finger	906	unspecified	unspecified		unspecified	unspecified	present
tuberculosis-tb	29	unspecified	unspecified		unspecified	unspecified	present
tuberculosis-tb	165	unspecified	unspecified		unspecified	unspecified	present
tuberculosis-tb	171	unspecified	unspecified		unspecified	unspecified	present
tuberculosis-tb	323	unspecified	unspecified		unspecified	unspecified	present
tuberculosis-tb	371	unspecified	unspecified		unspecified	unspecified	present
tuberculosis-tb	382	unspecified	unspecified		unspecified	unspecified	present
tuberculosis-tb	399	unspecified	unspecified		unspecified	unspecified	present
tuberculosis-tb	417	unspecified	unspecified		unspecified	unspecified	present
tuberculosis-tb	466	unspecified	unspecified		unspecified	unspecified	present
tuberculosis-tb	559	unspecified	unspecified		unspecified	unspecified	present
tuberculosis-tb	614	unspecified	unspecified		unspecified	unspecified	present
tuberculosis-tb	638	unspecified	unspecified		unspecified	unspecified	present
tuberculosis-tb	838	unspecified	unspecified		unspecified	unspecified	present
tuberculosis-tb	903	unspecified	unspecified		unspecified	unspecified	present
tuberculosis-tb	939	unspecified	unspecified		unspecified	unspecified	present
tuberculosis-tb	956	unspecified	unspecified		unspecified	unspecified	present
tuberculosis-tb	1037	unspecified	unspecified		unspecified	unspecified	present
tuberculosis-tb	1053	unspecified	unspecified		unspecified	unspecified	present
tuberculosis-tb	1071	unspecified	unspecified		unspecified	unspecified	present
turner-syndrome	223	unspecified	unspecified		unspecified	unspecified	present
turner-syndrome	899	unspecified	unspecified		unspecified	unspecified	present
typhoid-fever	29	unspecified	unspecified		unspecified	unspecified	present
typhoid-fever	168	unspecified	unspecified		unspecified	unspecified	present
typhoid-fever	211	unspecified	unspecified		unspecified	unspecified	present
typhoid-fever	323	unspecified	unspecified		unspecified	unspecified	present
typhoid-fever	371	unspecified	unspecified		unspecified	unspecified	present
typhoid-fever	417	unspecified	unspecified		unspecified	unspecified	present
typhoid-fever	585	unspecified	unspecified		unspecified	unspecified	present
typhoid-fever	705	unspecified	unspecified		unspecified	unspecified	present
typhoid-fever	826	unspecified	unspecified		unspecified	unspecified	present
typhus	371	unspecified	unspecified		unspecified	unspecified	present
typhus	417	unspecified	unspecified		unspecified	unspecified	present
typhus	585	unspecified	unspecified		unspecified	unspecified	present
typhus	1053	unspecified	unspecified		unspecified	unspecified	present
ulcerative-colitis	58	unspecified	unspecified		unspecified	unspecified	present
ulcerative-colitis	72	unspecified	unspecified		unspecified	unspecified	present
ulcerative-colitis	82	unspecified	unspecified		unspecified	unspecified	present
ulcerative-colitis	92	unspecified	unspecified		unspecified	unspecified	present
ulcerative-colitis	168	unspecified	unspecified		unspecified	unspecified	present
ulcerative-colitis	655	unspecified	unspecified		unspecified	unspecified	present
ulcerative-colitis	1071	unspecified	unspecified		unspecified	unspecified	present
umbilical-hernia	512	unspecified	unspecified		unspecified	unspecified	present
underactive-thyroid-hypothyroidism	164	unspecified	unspecified		unspecified	unspecified	present
underactive-thyroid-hypothyroidism	323	unspecified	unspecified		unspecified	unspecified	present
underactive-thyroid-hypothyroidism	387	unspecified	unspecified		unspecified	unspecified	present
underactive-thyroid-hypothyroidism	419	unspecified	unspecified		unspecified	unspecified	present
underactive-thyroid-hypothyroidism	440	unspecified	unspecified		unspecified	unspecified	present
underactive-thyroid-hypothyroidism	583	unspecified	unspecified		unspecified	unspecified	present
underactive-thyroid-hypothyroidism	819	unspecified	unspecified		unspecified	unspecified	present
underactive-thyroid-hypothyroidism	966	unspecified	unspecified		unspecified	unspecified	present
underactive-thyroid-hypothyroidism	1070	unspecified	unspecified		unspecified	unspecified	present
urethritis	665	unspecified	unspecified		unspecified	unspecified	present
urethritis	687	unspecified	unspecified		unspecified	unspecified	present
urethritis	869	unspecified	unspecified		unspecified	unspecified	present
urethritis	1039	unspecified	unspecified		unspecified	unspecified	present
urinary-incontinence	242	unspecified	unspecified		unspecified	unspecified	present
urinary-incontinence	1034	unspecified	unspecified		unspecified	unspecified	present
urinary-incontinence	1035	unspecified	unspecified		unspecified	unspecified	present
urinary-tract-infections-utis	42	unspecified	unspecified		unspecified	unspecified	present
urinary-tract-infections-utis	79	unspecified	unspecified		unspecified	unspecified	present
urinary-tract-infections-utis	165	unspecified	unspecified		unspecified	unspecified	present
urinary-tract-infections-utis	201	unspecified	unspecified		unspecified	unspecified	present
urinary-tract-infections-utis	209	unspecified	unspecified		unspecified	unspecified	present
urinary-tract-infections-utis	269	unspecified	unspecified		unspecified	unspecified	present
urinary-tract-infections-utis	323	unspecified	unspecified		unspecified	unspecified	present
urinary-tract-infections-utis	334	unspecified	unspecified		unspecified	unspecified	present
urinary-tract-infections-utis	366	unspecified	unspecified		unspecified	unspecified	present
urinary-tract-infections-utis	417	unspecified	unspecified		unspecified	unspecified	present
urinary-tract-infections-utis	511	unspecified	unspecified		unspecified	unspecified	present
urinary-tract-infections-utis	641	unspecified	unspecified		unspecified	unspecified	present
urinary-tract-infections-utis	655	unspecified	unspecified		unspecified	unspecified	present
urinary-tract-infections-utis	665	unspecified	unspecified		unspecified	unspecified	present
urinary-tract-infections-utis	808	unspecified	unspecified		unspecified	unspecified	present
urinary-tract-infections-utis	816	unspecified	unspecified		unspecified	unspecified	present
urinary-tract-infections-utis	1029	unspecified	unspecified		unspecified	unspecified	present
urinary-tract-infections-utis	1034	unspecified	unspecified		unspecified	unspecified	present
urinary-tract-infections-utis	1036	unspecified	unspecified		unspecified	unspecified	present
urinary-tract-infections-utis	1037	unspecified	unspecified		unspecified	unspecified	present
urinary-tract-infections-utis	1053	unspecified	unspecified		unspecified	unspecified	present
uveitis	85	unspecified	unspecified		unspecified	unspecified	present
uveitis	303	unspecified	unspecified		unspecified	unspecified	present
uveitis	342	unspecified	unspecified		unspecified	unspecified	present
uveitis	346	unspecified	unspecified		unspecified	unspecified	present
uveitis	624	unspecified	unspecified		unspecified	unspecified	present
uveitis	751	unspecified	unspecified		unspecified	unspecified	present
uveitis	802	unspecified	unspecified		unspecified	unspecified	present
uveitis	1045	unspecified	unspecified		unspecified	unspecified	present
uveitis	1064	unspecified	unspecified		unspecified	unspecified	present
vaginitis	59	unspecified	unspecified		unspecified	unspecified	present
vaginitis	284	unspecified	unspecified		unspecified	unspecified	present
vaginitis	453	unspecified	unspecified		unspecified	unspecified	present
vaginitis	665	unspecified	unspecified		unspecified	unspecified	present
vaginitis	877	unspecified	unspecified		unspecified	unspecified	present
vaginitis	1039	unspecified	unspecified		unspecified	unspecified	present
varicose-eczema	70	unspecified	unspecified		unspecified	unspecified	present
varicose-eczema	104	unspecified	unspecified		unspecified	unspecified	present
varicose-eczema	252	unspecified	unspecified		unspecified	unspecified	present
varicose-eczema	280	unspecified	unspecified		unspecified	unspecified	present
varicose-eczema	350	unspecified	unspecified		unspecified	unspecified	present
varicose-eczema	397	unspecified	unspecified		unspecified	unspecified	present
varicose-eczema	455	unspecified	unspecified		unspecified	unspecified	present
varicose-eczema	747	unspecified	unspecified		unspecified	unspecified	present
varicose-eczema	796	unspecified	unspecified		unspecified	unspecified	present
varicose-eczema	939	unspecified	unspecified		unspecified	unspecified	present
varicose-eczema	952	unspecified	unspecified		unspecified	unspecified	present
varicose-eczema	1014	unspecified	unspecified		unspecified	unspecified	present
varicose-eczema	1041	unspecified	unspecified		unspecified	unspecified	present
varicose-veins	8	unspecified	unspecified		unspecified	unspecified	present
varicose-veins	116	unspecified	unspecified		unspecified	unspecified	present
varicose-veins	132	unspecified	unspecified		unspecified	unspecified	present
varicose-veins	638	unspecified	unspecified		unspecified	unspecified	present
varicose-veins	939	unspecified	unspecified		unspecified	unspecified	present
varicose-veins	1041	unspecified	unspecified		unspecified	unspecified	present
vascular-dementia	47	unspecified	unspecified		unspecified	unspecified	present
vascular-dementia	164	unspecified	unspecified		unspecified	unspecified	present
vascular-dementia	165	unspecified	unspecified		unspecified	unspecified	present
vascular-dementia	239	unspecified	unspecified		unspecified	unspecified	present
vascular-dementia	256	unspecified	unspecified		unspecified	unspecified	present
vascular-dementia	481	unspecified	unspecified		unspecified	unspecified	present
vascular-dementia	528	unspecified	unspecified		unspecified	unspecified	present
vascular-dementia	696	unspecified	unspecified		unspecified	unspecified	present
vascular-dementia	721	unspecified	unspecified		unspecified	unspecified	present
vascular-dementia	854	unspecified	unspecified		unspecified	unspecified	present
vertigo	260	unspecified	unspecified		unspecified	unspecified	present
vertigo	1043	unspecified	unspecified		severe	unspecified	present
vitamin-b12-or-folate-deficiency-anaemia	323	unspecified	unspecified		unspecified	unspecified	present
vitamin-b12-or-folate-deficiency-anaemia	528	unspecified	unspecified		unspecified	unspecified	present
vitamin-b12-or-folate-deficiency-anaemia	571	unspecified	unspecified		unspecified	unspecified	present
vitamin-b12-or-folate-deficiency-anaemia	726	unspecified	unspecified		unspecified	unspecified	present
vitamin-b12-or-folate-deficiency-anaemia	870	unspecified	unspecified		unspecified	unspecified	present
vitamin-b12-or-folate-deficiency-anaemia	1011	unspecified	unspecified		unspecified	unspecified	present
vitamin-b12-or-folate-deficiency-anaemia	1017	unspecified	unspecified		unspecified	unspecified	present
vitamin-b12-or-folate-deficiency-anaemia	1046	unspecified	unspecified		unspecified	unspecified	present
vitiligo	252	unspecified	unspecified		unspecified	unspecified	present
vitiligo	378	unspecified	unspecified		unspecified	unspecified	present
vitiligo	679	unspecified	unspecified		unspecified	unspecified	present
vitiligo	739	unspecified	unspecified		unspecified	unspecified	present
vitiligo	1076	unspecified	unspecified		unspecified	unspecified	present
vitiligo	1078	unspecified	unspecified		unspecified	unspecified	present
von-willebrand-disease	52	unspecified	unspecified		unspecified	unspecified	present
von-willebrand-disease	56	unspecified	unspecified		unspecified	unspecified	present
von-willebrand-disease	78	unspecified	unspecified		unspecified	unspecified	present
von-willebrand-disease	79	unspecified	unspecified		unspecified	unspecified	present
von-willebrand-disease	108	unspecified	unspecified		unspecified	unspecified	present
von-willebrand-disease	350	unspecified	unspecified		unspecified	unspecified	present
von-willebrand-disease	440	unspecified	unspecified		unspecified	unspecified	present
von-willebrand-disease	470	unspecified	unspecified		unspecified	unspecified	present
von-willebrand-disease	598	unspecified	unspecified		unspecified	unspecified	present
von-willebrand-disease	908	unspecified	unspecified		unspecified	unspecified	present
von-willebrand-disease	938	unspecified	unspecified		unspecified	unspecified	present
vulvodynia	255	unspecified	unspecified		unspecified	unspecified	present
vulvodynia	613	unspecified	unspecified		unspecified	unspecified	present
vulvodynia	657	unspecified	unspecified		unspecified	unspecified	present
vulvodynia	1055	unspecified	unspecified		unspecified	unspecified	present
warts-and-verrucas	519	unspecified	unspecified		unspecified	unspecified	present
warts-and-verrucas	1042	unspecified	unspecified		unspecified	unspecified	present
whooping-cough	171	unspecified	unspecified		unspecified	unspecified	present
whooping-cough	215	unspecified	unspecified		unspecified	unspecified	present
whooping-cough	555	unspecified	unspecified		unspecified	unspecified	present
whooping-cough	769	unspecified	unspecified		unspecified	unspecified	present
whooping-cough	882	unspecified	unspecified		unspecified	unspecified	present
wolff-parkinson-white-syndrome	260	unspecified	unspecified		unspecified	unspecified	present
wolff-parkinson-white-syndrome	408	unspecified	unspecified		unspecified	unspecified	present
wolff-parkinson-white-syndrome	621	unspecified	unspecified		unspecified	unspecified	present
wolff-parkinson-white-syndrome	676	unspecified	unspecified		unspecified	unspecified	present
yellow-fever	8	unspecified	unspecified		unspecified	unspecified	present
yellow-fever	29	unspecified	unspecified		unspecified	unspecified	present
yellow-fever	52	unspecified	unspecified		unspecified	unspecified	present
yellow-fever	350	unspecified	unspecified		unspecified	unspecified	present
yellow-fever	371	unspecified	unspecified		unspecified	unspecified	present
yellow-fever	417	unspecified	unspecified		unspecified	unspecified	present
yellow-fever	463	unspecified	unspecified		unspecified	unspecified	present
yellow-fever	585	unspecified	unspecified		unspecified	unspecified	present
yellow-fever	1007	unspecified	unspecified		unspecified	unspecified	present
yellow-fever	1037	unspecified	unspecified		unspecified	unspecified	present
yellow-fever	1053	unspecified	unspecified		unspecified	unspecified	present
